order_id,user_id,order_number,order_dow,order_hour_of_day,days_since_prior_order
1,436,1,5,22,28
2,313,1,5,6,24
3,117,1,4,22,27
4,666,1,4,6,22
5,937,1,2,13,4
6,803,1,6,1,22
7,575,1,4,9,24
8,244,1,3,18,8
9,537,1,5,8,13
10,602,1,1,15,10
11,75,1,5,18,2
12,806,1,0,17,8
13,386,1,5,8,6
14,903,1,2,15,16
15,210,1,6,12,18
16,475,1,4,9,17
17,418,1,6,19,6
18,347,1,4,13,13
19,529,1,5,11,23
20,640,1,1,18,14
21,939,1,1,6,26
22,955,1,2,22,21
23,876,1,0,14,10
24,763,1,5,15,24
25,179,1,4,7,11
26,182,1,5,9,13
27,664,1,2,3,12
28,25,1,3,18,9
29,967,1,3,18,4
30,180,1,2,20,7
31,710,1,4,14,24
32,501,1,6,13,29
33,856,1,2,0,22
34,161,1,4,15,2
35,177,1,1,9,7
36,285,1,2,18,29
37,63,1,4,21,9
38,662,1,2,2,5
39,666,2,2,4,15
40,156,1,6,8,18
41,882,1,6,17,4
42,469,1,4,10,19
43,49,1,4,15,20
44,967,2,0,1,26
45,849,1,2,11,7
46,84,1,3,21,26
47,361,1,2,5,8
48,689,1,2,10,17
49,148,1,4,7,13
50,630,1,2,11,24
51,342,1,5,1,21
52,476,1,2,8,28
53,63,2,5,14,23
54,701,1,6,1,11
55,360,1,3,0,27
56,561,1,4,9,1
57,327,1,2,1,2
58,769,1,5,11,17
59,736,1,5,22,5
60,141,1,6,7,6
61,990,1,5,4,26
62,215,1,1,21,25
63,435,1,0,0,24
64,891,1,3,14,7
65,952,1,6,5,28
66,723,1,6,11,21
67,318,1,2,7,15
68,32,1,1,12,19
69,670,1,2,18,16
70,285,2,2,0,25
71,305,1,4,10,13
72,429,1,4,19,5
73,477,1,4,0,3
74,286,1,1,7,3
75,144,1,2,4,19
76,424,1,0,16,14
77,19,1,3,7,16
78,18,1,4,9,22
79,769,2,4,1,17
80,590,1,6,8,27
81,371,1,2,23,4
82,175,1,2,22,13
83,194,1,1,2,8
84,502,1,1,17,19
85,988,1,4,6,5
86,113,1,2,14,2
87,114,1,0,20,15
88,222,1,3,21,2
89,678,1,2,19,11
90,947,1,6,17,13
91,831,1,2,2,23
92,644,1,5,22,10
93,897,1,1,13,3
94,264,1,6,23,5
95,925,1,3,1,3
96,55,1,4,13,6
97,871,1,6,21,13
98,643,1,2,10,10
99,800,1,4,15,19
100,778,1,2,7,8
101,458,1,4,6,18
102,979,1,3,10,3
103,878,1,1,2,24
104,162,1,3,16,24
105,380,1,5,13,17
106,993,1,0,5,8
107,87,1,1,7,10
108,55,2,3,21,2
109,476,2,5,4,12
110,800,2,0,7,23
111,178,1,5,1,6
112,391,1,2,14,2
113,349,1,2,11,21
114,8,1,4,16,23
115,833,1,1,0,24
116,313,2,2,14,3
117,759,1,6,13,17
118,835,1,5,19,29
119,984,1,1,21,7
120,983,1,6,15,29
121,443,1,2,8,21
122,767,1,4,0,5
123,328,1,3,16,23
124,54,1,4,12,1
125,761,1,6,20,8
126,239,1,0,20,12
127,229,1,2,4,14
128,579,1,6,9,16
129,51,1,0,5,10
130,609,1,0,23,15
131,604,1,5,18,21
132,264,2,1,12,24
133,418,2,5,0,26
134,803,2,2,19,15
135,96,1,0,14,10
136,88,1,6,13,21
137,78,1,3,7,28
138,288,1,0,9,7
139,120,1,6,8,26
140,814,1,3,16,3
141,491,1,5,8,2
142,912,1,5,2,6
143,452,1,1,10,21
144,500,1,6,11,9
145,165,1,0,9,10
146,182,2,4,16,4
147,469,2,5,16,27
148,910,1,5,10,3
149,735,1,1,21,9
150,823,1,3,3,24
151,944,1,1,6,22
152,978,1,0,20,17
153,7,1,6,13,14
154,330,1,2,6,10
155,775,1,2,23,13
156,673,1,6,7,12
157,151,1,3,0,27
158,85,1,5,23,1
159,147,1,3,21,28
160,624,1,5,3,22
161,381,1,5,11,29
162,915,1,2,23,19
163,548,1,3,2,19
164,285,3,1,12,6
165,700,1,5,19,13
166,82,1,4,5,19
167,514,1,4,10,13
168,897,2,1,22,27
169,815,1,4,3,26
170,709,1,0,19,22
171,916,1,5,15,21
172,523,1,1,6,4
173,746,1,3,21,24
174,386,2,5,10,2
175,707,1,1,23,15
176,471,1,2,0,12
177,119,1,3,6,27
178,396,1,2,11,7
179,532,1,5,6,20
180,261,1,3,22,18
181,805,1,4,6,23
182,934,1,1,9,13
183,256,1,5,15,17
184,734,1,0,7,4
185,905,1,3,8,25
186,226,1,3,8,14
187,53,1,6,1,20
188,940,1,5,12,28
189,867,1,5,12,13
190,500,2,2,22,3
191,506,1,6,22,26
192,854,1,4,3,26
193,364,1,2,23,18
194,280,1,6,11,14
195,593,1,2,16,15
196,714,1,4,1,3
197,158,1,6,12,1
198,632,1,6,17,26
199,59,1,0,14,24
200,727,1,2,7,17
201,128,1,2,14,3
202,736,2,3,0,14
203,721,1,4,19,3
204,882,2,1,9,13
205,115,1,0,11,15
206,209,1,6,4,18
207,526,1,6,8,14
208,521,1,6,22,21
209,552,1,0,7,26
210,962,1,6,15,3
211,237,1,6,13,19
212,281,1,4,12,8
213,359,1,5,22,4
214,201,1,5,20,4
215,758,1,3,12,19
216,278,1,3,4,11
217,235,1,6,15,1
218,494,1,4,10,8
219,4,1,6,21,15
220,666,3,3,4,1
221,442,1,0,12,7
222,29,1,0,10,21
223,109,1,1,18,20
224,610,1,5,2,20
225,727,2,4,14,24
226,805,2,2,6,11
227,75,2,5,6,27
228,838,1,2,5,29
229,146,1,1,2,14
230,128,2,1,12,22
231,853,1,6,6,16
232,42,1,3,4,14
233,356,1,1,22,12
234,41,1,1,17,17
235,934,2,2,21,14
236,34,1,3,7,10
237,17,1,1,16,24
238,677,1,5,19,29
239,153,1,1,0,14
240,998,1,3,13,18
241,378,1,6,16,22
242,588,1,4,9,9
243,599,1,3,11,17
244,629,1,2,15,6
245,874,1,4,13,8
246,342,2,5,15,26
247,981,1,0,7,13
248,27,1,3,22,18
249,825,1,6,9,5
250,287,1,2,16,6
251,646,1,5,17,21
252,731,1,4,19,19
253,168,1,5,15,4
254,610,2,3,16,7
255,268,1,1,15,4
256,749,1,6,18,25
257,821,1,3,23,11
258,455,1,0,23,12
259,906,1,3,7,14
260,685,1,4,5,13
261,401,1,4,5,29
262,922,1,3,20,10
263,981,2,4,8,18
264,476,3,1,3,16
265,702,1,5,11,5
266,634,1,3,11,8
267,558,1,6,22,14
268,576,1,1,16,5
269,130,1,5,14,26
270,822,1,6,8,28
271,363,1,6,6,24
272,705,1,6,9,8
273,819,1,5,15,25
274,693,1,1,11,26
275,292,1,6,6,6
276,371,2,6,17,16
277,794,1,2,14,28
278,29,2,3,5,4
279,149,1,5,11,12
280,779,1,5,10,11
281,296,1,4,19,3
282,11,1,5,2,12
283,512,1,1,1,5
284,676,1,5,5,6
285,113,2,2,23,19
286,187,1,3,21,18
287,807,1,3,4,16
288,744,1,5,17,23
289,227,1,6,15,11
290,310,1,0,7,5
291,98,1,0,19,9
292,55,3,6,21,3
293,623,1,6,10,8
294,664,2,6,9,6
295,758,2,1,23,4
296,406,1,0,11,12
297,69,1,6,20,12
298,312,1,1,5,25
299,289,1,4,19,21
300,762,1,1,4,16
301,548,2,0,22,10
302,751,1,5,8,22
303,148,2,4,15,14
304,467,1,0,21,13
305,739,1,1,13,9
306,244,2,2,21,7
307,491,2,3,7,12
308,849,2,0,19,5
309,958,1,6,18,18
310,507,1,1,13,4
311,365,1,6,6,2
312,482,1,6,4,3
313,201,2,6,17,26
314,154,1,6,1,12
315,450,1,6,10,3
316,501,2,4,21,4
317,73,1,0,7,6
318,713,1,0,0,12
319,296,2,3,21,19
320,17,2,1,11,10
321,641,1,2,1,1
322,217,1,4,17,17
323,61,1,1,6,16
324,939,2,4,16,9
325,616,1,0,21,25
326,42,2,6,22,21
327,25,2,3,13,9
328,39,1,3,23,27
329,803,3,5,6,23
330,131,1,2,21,9
331,498,1,3,2,12
332,229,2,6,5,23
333,108,1,0,19,9
334,172,1,2,1,15
335,435,2,1,16,2
336,478,1,6,11,11
337,102,1,6,11,11
338,866,1,3,16,8
339,524,1,2,9,23
340,275,1,0,2,6
341,613,1,5,19,21
342,44,1,4,17,20
343,955,2,4,12,7
344,817,1,0,11,3
345,957,1,0,16,8
346,17,3,4,3,18
347,330,2,5,22,17
348,569,1,2,9,11
349,823,2,4,10,2
350,497,1,0,5,25
351,815,2,3,5,21
352,12,1,1,8,27
353,318,2,5,14,24
354,592,1,6,1,19
355,216,1,5,3,7
356,339,1,3,4,18
357,776,1,3,16,8
358,991,1,6,7,14
359,661,1,0,7,7
360,81,1,4,21,28
361,727,3,2,11,21
362,485,1,5,20,28
363,374,1,6,7,27
364,976,1,5,18,4
365,710,2,3,2,17
366,200,1,4,17,5
367,537,2,5,20,12
368,466,1,2,18,9
369,89,1,3,18,26
370,268,2,2,14,20
371,655,1,4,5,13
372,571,1,5,15,25
373,922,2,1,7,28
374,489,1,5,15,18
375,877,1,4,17,20
376,538,1,5,19,9
377,47,1,6,15,4
378,288,2,5,10,21
379,778,2,0,6,27
380,16,1,5,16,8
381,711,1,5,16,1
382,401,2,2,11,17
383,919,1,1,12,25
384,794,2,2,9,9
385,981,3,2,6,20
386,86,1,3,13,13
387,250,1,0,22,2
388,391,2,2,0,13
389,782,1,6,16,9
390,335,1,4,3,20
391,629,2,6,20,6
392,519,1,4,4,28
393,137,1,5,19,1
394,883,1,3,23,28
395,688,1,0,22,25
396,840,1,6,6,5
397,498,2,0,9,3
398,827,1,6,16,4
399,727,4,5,6,1
400,477,2,4,0,14
401,594,1,1,6,9
402,223,1,3,23,24
403,990,2,6,10,4
404,372,1,6,8,18
405,935,1,5,11,14
406,995,1,3,2,25
407,402,1,4,3,4
408,443,2,4,3,25
409,490,1,6,12,10
410,615,1,1,22,3
411,273,1,1,18,23
412,526,2,0,9,7
413,159,1,3,4,10
414,152,1,3,6,13
415,995,2,4,23,4
416,620,1,0,15,18
417,188,1,5,0,11
418,813,1,3,11,25
419,98,2,0,1,4
420,131,2,0,6,24
421,805,3,6,10,14
422,171,1,4,12,18
423,936,1,0,1,8
424,986,1,1,6,27
425,183,1,1,14,10
426,983,2,2,10,5
427,364,2,4,1,23
428,39,2,6,6,7
429,527,1,5,3,12
430,888,1,2,10,25
431,497,2,1,1,3
432,516,1,6,15,26
433,349,2,2,6,4
434,982,1,4,12,10
435,921,1,6,4,4
436,397,1,4,16,15
437,722,1,0,20,29
438,161,2,3,11,10
439,16,2,0,18,21
440,493,1,4,6,22
441,426,1,6,5,16
442,108,2,1,7,15
443,894,1,5,12,19
444,450,2,1,4,29
445,311,1,6,1,20
446,739,2,0,8,19
447,170,1,5,10,18
448,546,1,6,23,26
449,414,1,4,5,12
450,251,1,1,6,25
451,759,2,4,6,16
452,781,1,5,18,1
453,141,2,5,5,16
454,274,1,1,10,2
455,416,1,4,10,24
456,608,1,2,6,15
457,739,3,4,1,7
458,891,2,5,18,28
459,39,3,4,3,1
460,814,2,6,5,5
461,29,3,0,16,10
462,958,2,2,4,22
463,477,3,3,6,21
464,318,3,6,8,4
465,245,1,0,0,14
466,748,1,3,0,13
467,697,1,1,18,1
468,272,1,3,5,16
469,440,1,6,17,23
470,748,2,4,9,9
471,239,2,6,10,22
472,377,1,3,0,16
473,266,1,5,0,19
474,926,1,0,12,15
475,921,2,0,4,26
476,359,2,3,19,14
477,340,1,0,0,20
478,389,1,5,19,10
479,577,1,6,2,21
480,990,3,0,17,12
481,689,2,3,8,28
482,3,1,2,13,1
483,429,2,2,16,21
484,142,1,1,22,17
485,376,1,0,13,9
486,670,2,6,3,23
487,324,1,3,4,19
488,146,2,0,20,25
489,958,3,4,16,18
490,293,1,5,21,28
491,665,1,0,1,7
492,432,1,0,22,9
493,705,2,2,21,22
494,949,1,5,4,26
495,975,1,3,3,21
496,585,1,0,3,12
497,399,1,2,5,7
498,817,2,1,19,14
499,889,1,5,20,15
500,344,1,2,12,15
501,964,1,2,21,6
502,140,1,6,4,21
503,187,2,2,22,14
504,805,4,6,22,2
505,61,2,0,6,8
506,997,1,0,19,13
507,939,3,1,0,23
508,380,2,4,13,6
509,710,3,4,23,5
510,807,2,4,3,5
511,440,2,6,16,25
512,319,1,5,20,1
513,302,1,5,13,9
514,344,2,1,15,6
515,11,2,5,13,20
516,62,1,4,15,26
517,845,1,4,23,7
518,226,2,2,19,9
519,153,2,5,7,5
520,711,2,0,23,14
521,564,1,0,2,5
522,772,1,2,18,8
523,571,2,2,0,7
524,584,1,2,1,13
525,660,1,0,14,13
526,861,1,4,21,8
527,575,2,2,9,11
528,310,2,1,17,28
529,885,1,6,21,26
530,243,1,2,13,18
531,493,2,6,16,25
532,366,1,3,12,19
533,330,3,2,0,6
534,107,1,0,4,22
535,226,3,5,12,2
536,825,2,2,13,28
537,218,1,5,23,13
538,937,2,3,2,23
539,753,1,1,14,25
540,506,2,5,18,28
541,259,1,6,16,26
542,888,2,4,2,11
543,774,1,2,15,1
544,517,1,3,13,24
545,773,1,3,11,2
546,54,2,5,11,17
547,47,2,1,10,8
548,727,5,0,16,2
549,689,3,2,7,6
550,521,2,3,16,22
551,99,1,1,20,5
552,20,1,4,22,16
553,890,1,3,19,8
554,753,2,1,10,19
555,573,1,0,1,16
556,891,3,0,9,13
557,490,2,3,9,26
558,419,1,6,10,20
559,690,1,3,5,7
560,850,1,5,3,16
561,62,2,2,23,23
562,145,1,1,11,16
563,216,2,3,10,29
564,3,2,2,22,12
565,160,1,5,22,14
566,739,4,2,12,24
567,998,2,3,4,18
568,781,2,0,5,27
569,120,2,1,0,28
570,893,1,1,5,18
571,89,2,0,17,16
572,329,1,6,21,20
573,580,1,3,8,16
574,910,2,1,23,13
575,357,1,3,14,26
576,610,3,5,7,29
577,267,1,3,18,9
578,617,1,2,23,26
579,952,2,0,15,28
580,323,1,6,5,9
581,635,1,3,5,13
582,988,2,6,21,29
583,541,1,6,2,4
584,649,1,5,9,9
585,195,1,4,0,15
586,921,3,0,13,14
587,738,1,6,3,19
588,332,1,1,11,12
589,170,2,2,5,21
590,521,3,1,10,26
591,463,1,5,11,25
592,40,1,5,9,6
593,537,3,1,17,3
594,261,2,0,6,26
595,395,1,1,6,25
596,955,3,3,10,22
597,226,4,1,3,20
598,984,2,2,19,16
599,124,1,2,0,20
600,975,2,4,12,24
601,38,1,2,17,23
602,328,2,1,8,17
603,251,2,2,23,16
604,901,1,0,23,6
605,176,1,6,8,8
606,602,2,2,22,19
607,914,1,3,8,25
608,454,1,0,9,26
609,37,1,4,1,2
610,316,1,3,5,14
611,688,2,1,14,22
612,973,1,6,2,12
613,796,1,1,10,17
614,965,1,6,5,28
615,973,2,6,2,27
616,593,2,1,23,15
617,114,2,3,10,18
618,40,2,3,14,16
619,301,1,6,12,13
620,224,1,3,19,21
621,318,4,6,9,17
622,349,3,6,5,8
623,115,2,0,14,1
624,698,1,5,17,29
625,323,2,0,17,25
626,568,1,1,6,26
627,40,3,5,14,27
628,866,2,2,17,3
629,40,4,1,17,16
630,859,1,4,19,28
631,973,3,0,8,2
632,749,2,3,23,15
633,289,2,0,1,1
634,262,1,3,7,9
635,216,3,5,19,16
636,147,2,4,1,4
637,336,1,5,10,12
638,168,2,4,6,1
639,92,1,0,5,1
640,353,1,3,9,7
641,571,3,5,4,18
642,571,4,4,10,23
643,816,1,6,0,28
644,681,1,1,1,23
645,781,3,1,23,15
646,363,2,5,0,26
647,557,1,3,18,25
648,345,1,6,1,13
649,693,2,5,20,16
650,170,3,0,19,7
651,356,2,4,22,16
652,191,1,0,20,13
653,667,1,1,23,14
654,422,1,4,3,17
655,700,2,5,11,12
656,7,2,0,21,29
657,133,1,2,19,24
658,747,1,3,17,24
659,557,2,6,0,20
660,826,1,6,0,13
661,761,2,3,23,24
662,31,1,2,13,20
663,535,1,1,3,15
664,426,2,4,4,24
665,394,1,3,10,21
666,672,1,2,23,4
667,363,3,5,22,22
668,437,1,6,12,2
669,670,3,2,15,28
670,551,1,1,23,18
671,927,1,1,12,2
672,82,2,0,23,25
673,356,3,3,21,15
674,258,1,0,1,26
675,718,1,6,15,19
676,589,1,2,5,15
677,989,1,4,13,26
678,524,2,4,0,20
679,295,1,1,16,10
680,962,2,4,10,28
681,224,2,4,18,24
682,525,1,6,2,20
683,46,1,4,10,11
684,667,2,2,4,26
685,113,3,4,16,10
686,233,1,5,21,29
687,17,4,4,6,23
688,360,2,4,9,5
689,223,2,0,10,9
690,866,3,2,2,20
691,700,3,1,19,19
692,448,1,0,9,13
693,856,2,3,9,18
694,365,2,2,13,17
695,675,1,5,11,27
696,326,1,2,14,6
697,467,2,3,9,10
698,414,2,3,9,2
699,455,2,3,18,24
700,586,1,6,0,6
701,233,2,1,23,28
702,224,3,4,9,28
703,994,1,2,1,21
704,831,2,6,16,13
705,412,1,4,23,18
706,572,1,4,6,7
707,335,2,5,6,2
708,222,2,3,19,29
709,37,2,1,8,14
710,989,2,5,21,5
711,278,2,0,1,18
712,196,1,6,13,11
713,916,2,6,16,10
714,864,1,1,0,11
715,484,1,4,8,27
716,242,1,6,19,2
717,324,2,1,20,15
718,731,2,6,18,7
719,192,1,6,3,9
720,17,5,3,7,5
721,524,3,0,12,7
722,918,1,3,3,20
723,401,3,0,8,2
724,906,2,6,8,3
725,886,1,5,21,2
726,705,3,4,17,21
727,22,1,6,11,22
728,474,1,0,9,23
729,120,3,0,10,19
730,210,2,0,6,4
731,306,1,6,8,24
732,270,1,1,5,20
733,704,1,5,18,7
734,687,1,1,15,28
735,285,4,4,14,22
736,716,1,6,6,7
737,676,2,0,15,17
738,763,2,5,4,19
739,227,2,5,15,22
740,948,1,2,0,16
741,381,2,4,18,3
742,460,1,5,4,15
743,7,3,6,6,14
744,29,4,0,18,15
745,907,1,0,21,14
746,33,1,5,4,7
747,646,2,1,16,25
748,879,1,4,21,3
749,79,1,0,7,17
750,928,1,5,0,10
751,947,2,0,1,15
752,459,1,5,14,29
753,570,1,4,19,6
754,983,3,5,17,28
755,538,2,2,10,17
756,482,2,5,9,17
757,430,1,5,23,14
758,738,2,6,23,24
759,285,5,4,3,25
760,516,2,6,4,18
761,977,1,5,3,25
762,99,2,4,12,5
763,397,2,2,12,29
764,489,2,4,17,8
765,39,4,0,23,7
766,271,1,6,1,23
767,887,1,4,15,4
768,797,1,2,0,18
769,157,1,3,18,5
770,75,3,5,8,16
771,884,1,4,2,14
772,800,3,5,6,27
773,130,2,1,9,27
774,687,2,0,0,19
775,974,1,6,9,14
776,84,2,0,20,9
777,22,2,1,8,6
778,459,2,1,14,17
779,539,1,6,14,19
780,707,2,4,2,12
781,849,3,1,4,4
782,382,1,3,8,16
783,748,3,5,21,25
784,440,3,5,8,11
785,604,2,2,22,22
786,989,3,1,6,4
787,21,1,1,23,17
788,303,1,3,22,8
789,976,2,0,11,14
790,869,1,0,8,27
791,955,4,5,5,2
792,84,3,5,22,11
793,774,2,4,1,11
794,659,1,6,8,24
795,953,1,3,16,22
796,453,1,6,0,24
797,387,1,6,18,6
798,507,2,2,5,21
799,257,1,6,4,21
800,570,2,2,1,14
801,892,1,6,8,10
802,934,3,3,13,26
803,527,2,2,3,27
804,162,2,0,3,8
805,957,2,2,20,7
806,163,1,2,14,8
807,832,1,3,7,28
808,793,1,3,3,8
809,792,1,2,15,23
810,524,4,1,20,2
811,786,1,3,3,27
812,271,2,4,15,16
813,492,1,4,21,9
814,208,1,0,11,13
815,539,2,6,15,23
816,584,2,2,18,12
817,60,1,1,7,27
818,430,2,0,5,22
819,985,1,2,9,25
820,657,1,3,4,29
821,605,1,4,17,17
822,309,1,5,9,27
823,520,1,1,9,2
824,591,1,5,6,13
825,27,2,4,17,1
826,686,1,6,0,26
827,562,1,6,6,28
828,199,1,5,20,19
829,387,2,3,0,11
830,349,4,2,14,5
831,960,1,3,3,1
832,940,2,5,19,20
833,693,3,3,9,13
834,536,1,4,22,8
835,828,1,1,8,6
836,378,2,3,1,29
837,899,1,4,13,17
838,916,3,1,15,12
839,558,2,6,0,1
840,527,3,2,1,3
841,153,3,5,6,14
842,734,2,6,9,26
843,206,1,2,21,8
844,455,3,6,19,11
845,273,2,0,0,27
846,894,2,6,12,14
847,236,1,4,0,8
848,852,1,1,4,29
849,740,1,6,15,3
850,521,4,3,14,7
851,678,2,2,16,28
852,944,2,6,22,19
853,956,1,1,15,4
854,831,3,4,12,25
855,726,1,0,10,16
856,501,3,2,16,13
857,117,2,5,16,20
858,386,3,1,1,19
859,344,3,5,12,5
860,584,3,1,13,23
861,395,2,1,10,5
862,64,1,4,9,20
863,717,1,4,2,24
864,721,2,4,16,4
865,72,1,6,14,2
866,789,1,3,8,26
867,274,2,1,9,13
868,990,4,2,7,16
869,320,1,5,20,22
870,338,1,4,12,2
871,366,2,6,17,19
872,495,1,4,4,17
873,607,1,5,5,5
874,166,1,5,16,25
875,544,1,1,10,18
876,11,3,4,19,28
877,301,2,5,15,23
878,729,1,3,8,21
879,801,1,3,1,18
880,102,2,4,4,8
881,425,1,6,0,27
882,392,1,5,3,15
883,779,2,1,3,13
884,214,1,1,21,13
885,691,1,6,2,16
886,88,2,1,8,22
887,553,1,0,21,20
888,401,4,4,22,13
889,588,2,1,11,20
890,889,2,3,9,2
891,46,2,5,1,3
892,672,2,2,10,15
893,463,2,6,9,23
894,592,2,2,21,19
895,310,3,1,5,13
896,86,2,2,17,5
897,92,2,2,1,26
898,660,2,0,1,22
899,673,2,3,9,6
900,714,2,6,15,14
901,936,2,3,11,4
902,928,2,0,0,22
903,242,2,0,20,19
904,865,1,2,7,23
905,2,1,4,15,7
906,225,1,5,17,4
907,801,2,5,12,2
908,745,1,2,14,27
909,973,4,5,20,7
910,926,2,0,11,3
911,929,1,3,7,15
912,589,2,5,9,1
913,116,1,6,13,2
914,666,4,2,4,10
915,918,2,4,17,16
916,103,1,2,18,25
917,194,2,1,14,28
918,166,2,2,5,15
919,871,2,0,10,24
920,90,1,3,20,15
921,686,2,3,10,14
922,122,1,6,19,22
923,143,1,5,19,14
924,994,2,0,20,6
925,106,1,1,17,14
926,887,2,0,17,17
927,428,1,2,9,18
928,305,2,0,1,20
929,872,1,0,8,19
930,971,1,6,13,17
931,317,1,1,18,16
932,963,1,2,9,8
933,635,2,4,22,7
934,902,1,6,3,20
935,9,1,4,5,28
936,774,3,6,13,12
937,73,2,3,3,9
938,359,3,6,14,27
939,223,3,5,15,14
940,416,2,0,6,20
941,553,2,3,16,1
942,370,1,1,18,10
943,716,2,4,18,17
944,264,3,6,16,17
945,840,2,0,5,17
946,690,2,1,10,4
947,860,1,5,15,17
948,318,5,1,7,18
949,84,4,0,10,20
950,318,6,5,6,23
951,111,1,1,23,2
952,251,3,5,21,8
953,383,1,6,18,13
954,7,4,6,9,23
955,459,3,0,8,25
956,84,5,0,3,22
957,208,2,5,22,20
958,900,1,2,14,22
959,390,1,3,12,15
960,314,1,1,1,20
961,22,3,1,1,23
962,410,1,2,15,9
963,895,1,2,8,3
964,515,1,2,12,3
965,127,1,4,2,2
966,809,1,4,8,1
967,700,4,5,12,14
968,874,2,4,20,17
969,14,1,6,21,13
970,971,2,6,1,19
971,978,2,0,7,23
972,12,2,5,8,15
973,87,2,1,15,27
974,524,5,3,1,25
975,909,1,0,5,14
976,537,4,1,21,2
977,301,3,1,7,7
978,243,2,5,4,17
979,122,2,2,8,18
980,147,3,2,0,6
981,567,1,0,8,27
982,750,1,2,9,21
983,356,4,1,22,8
984,685,2,2,3,28
985,904,1,4,2,27
986,733,1,2,9,2
987,631,1,1,14,1
988,309,2,5,10,16
989,695,1,0,13,7
990,288,3,3,5,22
991,307,1,2,11,24
992,812,1,6,12,11
993,594,2,6,16,15
994,966,1,1,15,13
995,914,2,3,2,24
996,723,2,3,1,2
997,662,2,4,10,14
998,549,1,3,8,24
999,352,1,6,2,6
1000,312,2,5,17,9
1001,873,1,1,19,28
1002,59,2,1,14,7
1003,643,2,2,13,18
1004,924,1,2,1,24
1005,714,3,2,16,9
1006,755,1,6,21,23
1007,35,1,6,7,4
1008,445,1,6,9,9
1009,93,1,6,17,4
1010,950,1,6,18,12
1011,959,1,6,7,4
1012,207,1,5,7,25
1013,353,2,6,2,24
1014,903,2,3,2,20
1015,332,2,3,11,14
1016,817,3,4,21,24
1017,862,1,5,16,24
1018,725,1,2,3,7
1019,159,2,0,16,26
1020,954,1,6,13,13
1021,957,3,4,18,22
1022,24,1,0,8,8
1023,404,1,3,20,23
1024,805,5,4,11,5
1025,516,3,4,4,12
1026,732,1,1,10,13
1027,364,3,3,19,29
1028,382,2,3,2,20
1029,532,2,5,20,14
1030,956,2,4,14,28
1031,152,2,6,13,18
1032,562,2,3,10,27
1033,689,4,4,19,24
1034,947,3,5,7,25
1035,608,2,6,3,20
1036,617,2,5,11,4
1037,420,1,1,7,21
1038,250,2,6,5,18
1039,117,3,4,14,7
1040,866,4,3,11,15
1041,512,2,3,15,21
1042,740,2,4,15,6
1043,578,1,4,20,16
1044,335,3,4,19,20
1045,418,3,2,19,24
1046,932,1,6,3,8
1047,774,4,3,10,28
1048,295,2,6,12,21
1049,938,1,5,8,16
1050,755,2,3,3,28
1051,371,3,2,11,22
1052,186,1,4,8,16
1053,246,1,1,12,3
1054,637,1,4,15,17
1055,268,3,4,5,9
1056,643,3,2,9,25
1057,237,2,6,12,3
1058,530,1,3,6,20
1059,552,2,4,18,29
1060,21,2,3,23,7
1061,911,1,0,18,18
1062,737,1,5,16,12
1063,867,2,6,12,19
1064,794,3,3,12,16
1065,520,2,1,20,22
1066,100,1,5,1,27
1067,752,1,1,9,24
1068,478,2,4,21,17
1069,599,2,5,12,20
1070,298,1,3,8,15
1071,940,3,5,0,1
1072,526,3,4,13,2
1073,334,1,2,15,8
1074,2,2,6,19,22
1075,375,1,1,14,25
1076,293,2,4,0,2
1077,837,1,2,16,19
1078,934,4,5,23,9
1079,553,3,5,12,9
1080,318,7,4,14,13
1081,502,2,3,15,6
1082,828,2,5,15,15
1083,381,3,3,1,19
1084,623,2,3,16,21
1085,14,2,6,10,15
1086,504,1,3,7,18
1087,231,1,0,19,7
1088,985,2,6,2,26
1089,84,6,2,11,11
1090,130,3,2,19,8
1091,743,1,5,15,6
1092,838,2,5,13,8
1093,145,2,3,15,2
1094,891,4,6,20,19
1095,857,1,6,16,16
1096,28,1,0,10,7
1097,66,1,3,16,10
1098,163,2,0,18,12
1099,229,3,3,21,17
1100,261,3,1,0,7
1101,449,1,1,11,22
1102,424,2,4,14,8
1103,460,2,3,17,7
1104,952,3,6,22,4
1105,676,3,5,13,3
1106,301,4,2,0,19
1107,919,2,4,12,15
1108,303,2,5,14,4
1109,287,2,1,6,25
1110,395,3,3,14,9
1111,10,1,4,19,13
1112,707,3,3,9,18
1113,630,2,1,13,21
1114,270,2,4,5,16
1115,592,3,1,13,1
1116,970,1,0,23,4
1117,605,2,1,21,18
1118,778,3,6,11,8
1119,844,1,6,10,20
1120,862,2,3,19,16
1121,361,2,2,21,21
1122,257,2,1,23,11
1123,133,2,5,18,20
1124,276,1,6,1,21
1125,776,2,2,21,21
1126,683,1,0,19,21
1127,972,1,4,0,27
1128,513,1,4,7,19
1129,313,3,6,13,23
1130,576,2,2,8,19
1131,886,2,6,1,18
1132,980,1,4,22,19
1133,284,1,1,4,11
1134,121,1,2,22,3
1135,107,2,3,7,8
1136,933,1,1,15,20
1137,687,3,1,21,19
1138,997,2,1,15,10
1139,204,1,3,12,16
1140,165,2,0,19,5
1141,305,3,5,14,20
1142,497,3,6,0,9
1143,632,2,4,21,8
1144,556,1,6,2,11
1145,824,1,2,5,16
1146,156,2,0,21,7
1147,367,1,2,13,15
1148,719,1,6,3,24
1149,902,2,4,17,29
1150,620,2,3,14,21
1151,251,4,6,8,20
1152,957,4,1,17,23
1153,916,4,6,2,17
1154,882,3,1,9,6
1155,334,2,3,16,15
1156,642,1,6,6,8
1157,969,1,0,14,7
1158,511,1,0,0,2
1159,293,3,2,10,13
1160,20,2,3,16,23
1161,282,1,0,4,29
1162,797,2,6,6,6
1163,1,1,3,18,29
1164,119,2,4,23,5
1165,35,2,1,14,20
1166,198,1,6,2,1
1167,485,2,1,14,29
1168,757,1,1,4,18
1169,59,3,3,22,15
1170,837,2,3,11,23
1171,161,3,2,19,10
1172,691,2,1,4,3
1173,206,2,2,2,5
1174,12,3,1,8,24
1175,490,3,2,8,29
1176,276,2,2,6,13
1177,693,4,4,1,8
1178,242,3,2,22,22
1179,216,4,3,22,21
1180,251,5,2,20,29
1181,811,1,1,15,2
1182,126,1,2,8,9
1183,994,3,0,12,17
1184,217,2,5,18,27
1185,306,2,1,19,18
1186,797,3,0,16,13
1187,185,1,1,5,1
1188,39,5,3,3,12
1189,223,4,5,0,20
1190,184,1,5,17,20
1191,495,2,3,18,21
1192,427,1,5,8,5
1193,178,2,3,12,8
1194,919,3,0,7,27
1195,428,2,4,22,15
1196,294,1,1,12,27
1197,852,2,3,14,3
1198,151,2,1,10,6
1199,384,1,0,11,28
1200,638,1,4,13,13
1201,813,2,0,3,12
1202,308,1,5,0,19
1203,336,2,1,23,29
1204,946,1,6,3,18
1205,746,2,4,18,24
1206,892,2,5,8,1
1207,375,2,4,9,25
1208,8,2,5,3,27
1209,341,1,0,19,7
1210,129,1,3,8,12
1211,776,3,1,12,10
1212,669,1,2,11,29
1213,352,2,2,10,12
1214,358,1,0,11,11
1215,517,2,1,17,4
1216,495,3,1,11,19
1217,86,3,0,15,6
1218,175,2,1,4,25
1219,802,1,3,19,9
1220,193,1,0,11,20
1221,311,2,3,20,10
1222,119,3,1,10,5
1223,218,2,0,8,27
1224,427,2,1,17,13
1225,970,2,0,2,9
1226,414,3,1,19,2
1227,114,3,3,16,18
1228,978,3,6,13,21
1229,145,3,3,0,1
1230,538,3,1,16,24
1231,648,1,0,7,21
1232,303,3,2,4,12
1233,744,2,3,4,10
1234,881,1,3,8,2
1235,588,3,5,2,28
1236,987,1,2,18,9
1237,840,3,1,22,2
1238,345,2,6,8,23
1239,814,3,0,21,24
1240,964,2,5,17,22
1241,801,3,1,15,14
1242,1,2,4,0,11
1243,147,4,6,1,23
1244,287,3,3,13,11
1245,976,3,4,13,17
1246,654,1,3,0,4
1247,53,2,3,15,13
1248,304,1,4,14,7
1249,69,2,6,14,16
1250,361,3,4,11,1
1251,602,3,1,15,13
1252,958,4,5,13,1
1253,220,1,5,23,11
1254,962,3,4,14,6
1255,704,2,1,22,20
1256,966,2,5,14,3
1257,575,3,1,18,12
1258,585,2,1,7,5
1259,161,4,3,1,9
1260,681,2,5,1,26
1261,89,3,5,9,26
1262,688,3,3,2,12
1263,781,4,4,22,28
1264,585,3,3,16,27
1265,757,2,5,7,10
1266,589,3,5,22,19
1267,159,3,6,3,5
1268,489,3,4,13,26
1269,971,3,3,20,5
1270,324,3,0,9,9
1271,610,4,0,0,27
1272,381,4,4,3,28
1273,102,3,3,0,26
1274,494,2,3,16,27
1275,644,2,1,16,20
1276,614,1,5,6,17
1277,19,2,2,22,10
1278,454,2,6,19,21
1279,482,3,4,14,1
1280,594,3,2,12,22
1281,397,3,2,1,28
1282,279,1,4,18,16
1283,851,1,3,23,26
1284,365,3,4,12,26
1285,331,1,2,23,15
1286,641,2,5,10,23
1287,344,4,6,21,17
1288,822,2,6,14,26
1289,455,4,5,9,20
1290,601,1,5,8,25
1291,725,2,3,8,13
1292,655,2,0,19,1
1293,65,1,4,0,25
1294,76,1,6,16,8
1295,711,3,5,11,5
1296,143,2,4,9,6
1297,917,1,6,4,23
1298,915,2,5,17,20
1299,828,3,6,14,14
1300,605,3,3,5,22
1301,473,1,0,6,23
1302,417,1,0,16,11
1303,305,4,5,5,6
1304,736,3,6,7,11
1305,497,4,3,11,13
1306,291,1,1,20,12
1307,940,4,4,13,22
1308,102,4,4,11,2
1309,986,2,2,22,21
1310,267,2,3,9,3
1311,867,3,6,21,23
1312,968,1,2,19,4
1313,622,1,5,14,17
1314,974,2,6,6,28
1315,842,1,2,8,28
1316,962,4,0,9,22
1317,942,1,4,9,6
1318,777,1,6,15,7
1319,3,3,2,6,15
1320,85,2,0,4,11
1321,794,4,3,22,24
1322,328,3,2,2,3
1323,816,2,5,17,6
1324,450,3,5,10,26
1325,454,3,5,14,2
1326,924,2,6,20,29
1327,629,3,4,19,14
1328,221,1,2,4,9
1329,154,2,3,23,18
1330,665,2,2,11,19
1331,12,4,4,3,12
1332,133,3,0,14,13
1333,994,4,4,8,26
1334,304,2,5,6,12
1335,293,4,6,9,12
1336,975,3,0,22,18
1337,300,1,6,12,9
1338,740,3,5,7,17
1339,783,1,1,11,21
1340,43,1,4,21,16
1341,944,3,4,23,17
1342,343,1,3,18,21
1343,326,2,2,0,24
1344,814,4,0,15,8
1345,498,3,6,21,11
1346,364,4,0,16,24
1347,891,5,3,17,2
1348,427,3,3,10,8
1349,21,3,6,17,12
1350,407,1,2,6,21
1351,619,1,6,17,1
1352,336,3,6,7,23
1353,815,3,5,5,13
1354,117,4,2,6,22
1355,124,2,4,22,21
1356,399,2,5,21,17
1357,793,2,1,9,14
1358,804,1,2,10,14
1359,715,1,3,12,16
1360,51,2,5,8,17
1361,783,2,2,6,6
1362,324,4,0,8,26
1363,789,2,6,12,28
1364,141,3,1,2,7
1365,470,1,4,2,26
1366,787,1,6,0,26
1367,802,2,0,20,1
1368,334,3,0,19,25
1369,893,2,1,1,15
1370,964,3,4,2,20
1371,373,1,3,14,21
1372,564,2,5,23,18
1373,494,3,4,5,28
1374,539,3,2,12,26
1375,669,2,0,20,13
1376,751,2,2,0,24
1377,156,3,3,19,2
1378,291,2,2,18,19
1379,648,2,4,0,15
1380,144,2,2,20,12
1381,106,2,3,21,15
1382,420,2,3,1,25
1383,670,4,3,14,18
1384,658,1,4,13,14
1385,2,3,3,18,6
1386,945,1,0,10,12
1387,589,4,6,14,20
1388,644,3,3,5,23
1389,90,2,2,19,6
1390,345,3,5,8,26
1391,350,1,2,4,9
1392,459,4,5,19,25
1393,263,1,2,1,26
1394,351,1,4,5,4
1395,108,3,2,17,17
1396,586,2,4,22,2
1397,39,6,4,18,16
1398,909,2,3,8,24
1399,159,4,0,20,14
1400,583,1,5,23,26
1401,959,2,3,5,8
1402,312,3,3,13,14
1403,241,1,6,23,2
1404,938,2,4,12,16
1405,445,2,4,10,4
1406,298,2,5,11,1
1407,952,4,2,18,23
1408,36,1,2,18,20
1409,84,7,3,20,27
1410,452,2,1,18,14
1411,886,3,1,23,8
1412,775,2,2,12,25
1413,822,3,1,13,28
1414,385,1,6,23,25
1415,172,2,2,17,3
1416,376,2,4,11,5
1417,685,3,3,3,6
1418,362,1,0,9,22
1419,559,1,3,16,26
1420,891,6,2,3,8
1421,141,4,6,11,6
1422,887,3,2,12,6
1423,918,3,3,3,4
1424,118,1,6,9,7
1425,277,1,6,2,24
1426,726,2,6,14,19
1427,220,2,5,1,7
1428,905,2,2,16,3
1429,26,1,1,5,8
1430,521,5,1,7,1
1431,783,3,2,2,1
1432,10,2,2,17,14
1433,984,3,5,21,6
1434,378,3,1,0,10
1435,633,1,2,15,25
1436,637,2,2,6,28
1437,682,1,5,2,14
1438,584,4,5,22,4
1439,152,3,3,3,6
1440,720,1,5,8,16
1441,49,2,0,4,28
1442,154,3,1,18,21
1443,859,2,3,14,28
1444,293,5,0,7,1
1445,580,2,2,5,6
1446,50,1,2,17,9
1447,664,3,3,18,15
1448,531,1,5,23,12
1449,612,1,6,14,3
1450,60,2,6,6,11
1451,167,1,2,9,15
1452,202,1,6,5,3
1453,857,2,4,13,14
1454,146,3,3,16,2
1455,915,3,0,8,29
1456,676,4,3,18,4
1457,970,3,1,4,26
1458,993,2,5,22,19
1459,439,1,5,6,12
1460,242,4,3,18,2
1461,581,1,2,19,17
1462,687,4,2,6,3
1463,561,2,4,23,10
1464,483,1,4,1,16
1465,108,4,5,22,22
1466,226,5,4,15,9
1467,673,3,0,12,11
1468,631,2,4,7,21
1469,661,2,0,5,15
1470,977,2,4,5,3
1471,662,3,5,8,16
1472,432,2,5,3,21
1473,805,6,0,10,21
1474,655,3,3,4,21
1475,419,2,5,16,28
1476,988,3,3,19,12
1477,455,5,2,6,23
1478,160,2,0,14,5
1479,523,2,6,14,7
1480,650,1,5,13,9
1481,969,2,1,12,21
1482,590,2,2,10,18
1483,77,1,3,12,21
1484,509,1,5,21,8
1485,441,1,0,23,12
1486,254,1,6,8,20
1487,921,4,4,9,2
1488,770,1,6,3,10
1489,320,2,1,16,19
1490,803,4,3,13,9
1491,263,2,2,23,25
1492,597,1,6,17,24
1493,658,2,0,10,8
1494,835,2,1,15,24
1495,554,1,0,0,24
1496,374,2,5,6,24
1497,637,3,4,9,1
1498,167,2,2,8,6
1499,937,3,0,2,12
1500,753,3,3,21,25
1501,459,5,5,22,24
1502,999,1,5,13,19
1503,280,2,2,14,27
1504,700,5,5,1,17
1505,302,2,3,23,2
1506,531,2,0,13,11
1507,580,3,2,15,18
1508,218,3,5,6,23
1509,102,5,5,3,28
1510,554,2,3,17,22
1511,288,4,4,23,11
1512,167,3,4,4,18
1513,621,1,6,5,8
1514,36,2,5,6,15
1515,744,3,0,14,9
1516,741,1,2,0,15
1517,353,3,5,23,7
1518,676,5,1,3,20
1519,899,2,2,0,13
1520,73,3,6,10,13
1521,648,3,4,17,1
1522,353,4,5,13,20
1523,891,7,3,21,4
1524,70,1,1,10,24
1525,425,2,5,9,4
1526,999,2,6,16,4
1527,708,1,0,3,13
1528,781,5,1,23,2
1529,561,3,6,14,28
1530,828,4,5,15,26
1531,642,2,0,20,23
1532,956,3,1,12,15
1533,517,3,0,8,4
1534,428,3,0,10,27
1535,539,4,1,10,6
1536,160,3,1,5,3
1537,149,2,0,0,7
1538,776,4,6,21,6
1539,230,1,4,5,3
1540,712,1,1,12,4
1541,562,3,5,21,10
1542,67,1,2,23,21
1543,812,2,3,21,9
1544,381,5,0,4,6
1545,58,1,0,14,29
1546,259,2,3,17,20
1547,342,3,4,19,27
1548,838,3,3,13,11
1549,130,4,1,14,7
1550,727,6,3,4,18
1551,172,3,0,3,4
1552,770,2,3,1,5
1553,614,2,2,6,4
1554,209,2,5,9,4
1555,803,5,1,15,27
1556,354,1,3,9,13
1557,471,2,0,17,16
1558,798,1,6,16,25
1559,116,2,5,20,14
1560,264,4,1,12,11
1561,662,4,0,0,29
1562,812,3,4,0,2
1563,442,2,2,14,22
1564,548,3,4,0,14
1565,453,2,2,5,24
1566,845,2,3,12,24
1567,477,4,1,0,27
1568,287,4,3,4,7
1569,303,4,2,8,26
1570,311,3,2,16,11
1571,208,3,2,15,4
1572,618,1,5,7,7
1573,446,1,0,16,29
1574,670,5,1,14,16
1575,633,2,3,23,26
1576,55,4,3,0,6
1577,912,2,4,11,27
1578,12,5,2,4,6
1579,657,2,6,23,2
1580,400,1,2,5,24
1581,908,1,2,0,8
1582,648,4,6,0,27
1583,980,2,3,9,7
1584,515,2,4,9,27
1585,656,1,0,2,25
1586,542,1,6,16,24
1587,237,3,5,18,14
1588,279,2,1,10,9
1589,348,1,6,17,15
1590,627,1,0,1,25
1591,104,1,3,8,22
1592,630,3,5,23,18
1593,517,4,5,16,12
1594,980,3,5,13,23
1595,872,2,2,3,19
1596,248,1,1,16,13
1597,364,5,3,16,7
1598,321,1,3,11,25
1599,633,3,5,19,10
1600,286,2,3,17,10
1601,149,3,1,2,2
1602,84,8,1,10,14
1603,966,3,4,17,13
1604,406,2,6,3,22
1605,978,4,6,16,29
1606,456,1,4,17,6
1607,743,2,0,4,9
1608,800,4,6,13,13
1609,161,5,1,9,9
1610,784,1,1,14,13
1611,460,3,6,0,5
1612,550,1,1,15,14
1613,500,3,4,10,5
1614,738,3,5,22,9
1615,509,2,5,19,8
1616,654,2,3,5,7
1617,804,2,5,23,8
1618,481,1,2,21,22
1619,663,1,4,15,3
1620,114,4,1,1,23
1621,749,3,6,0,24
1622,578,2,5,23,15
1623,361,4,4,23,8
1624,341,2,5,8,1
1625,770,3,0,21,7
1626,987,2,1,11,19
1627,761,3,0,16,2
1628,969,3,1,14,14
1629,449,2,4,18,18
1630,843,1,3,21,15
1631,835,3,5,9,14
1632,180,2,5,11,24
1633,702,2,2,13,25
1634,407,2,6,8,19
1635,666,5,0,12,19
1636,196,2,5,2,22
1637,466,2,4,20,27
1638,311,4,3,13,26
1639,262,2,6,20,17
1640,419,3,4,9,22
1641,406,3,0,15,28
1642,939,4,2,6,19
1643,143,3,5,3,27
1644,342,4,4,19,16
1645,316,2,6,22,20
1646,101,1,1,10,25
1647,244,3,3,15,19
1648,490,4,6,19,1
1649,12,6,4,3,19
1650,239,3,3,21,7
1651,561,4,5,21,29
1652,42,3,1,22,23
1653,678,3,2,16,11
1654,594,4,6,12,5
1655,429,3,2,10,17
1656,803,6,1,2,11
1657,158,2,3,8,24
1658,216,5,5,5,26
1659,670,6,4,21,8
1660,462,1,1,20,10
1661,134,1,0,10,12
1662,67,2,3,15,10
1663,848,1,2,18,13
1664,7,5,6,4,26
1665,948,2,1,13,18
1666,526,4,2,16,10
1667,73,4,3,2,19
1668,399,3,2,3,20
1669,405,1,1,15,17
1670,675,2,3,15,20
1671,578,3,0,20,16
1672,859,3,1,3,5
1673,130,5,4,18,3
1674,931,1,5,16,27
1675,466,3,1,12,15
1676,206,3,3,21,26
1677,788,1,6,22,2
1678,978,5,5,23,13
1679,768,1,1,0,22
1680,266,2,0,11,8
1681,537,5,6,3,23
1682,962,5,0,10,27
1683,793,3,4,4,17
1684,253,1,6,1,4
1685,822,4,2,16,19
1686,289,3,6,7,22
1687,164,1,5,5,25
1688,95,1,6,20,9
1689,782,2,3,8,23
1690,833,2,3,12,15
1691,110,1,2,10,28
1692,336,4,6,15,9
1693,822,5,0,15,24
1694,238,1,0,1,21
1695,381,6,1,9,9
1696,436,2,4,11,14
1697,899,3,5,7,23
1698,483,2,4,10,21
1699,937,4,6,9,16
1700,902,3,4,12,24
1701,25,3,1,16,23
1702,653,1,4,6,25
1703,117,5,2,23,26
1704,482,4,1,2,17
1705,392,2,2,19,13
1706,917,2,6,12,9
1707,994,5,1,18,15
1708,964,4,6,6,7
1709,537,6,6,8,1
1710,79,2,4,18,1
1711,580,4,2,12,5
1712,173,1,6,21,24
1713,956,4,2,7,9
1714,12,7,2,21,12
1715,800,5,1,17,6
1716,128,3,3,22,28
1717,608,3,4,1,13
1718,92,3,6,17,26
1719,653,2,2,17,28
1720,543,1,5,10,8
1721,846,1,3,0,15
1722,532,3,6,13,6
1723,658,3,5,15,27
1724,989,4,4,10,6
1725,828,5,4,0,4
1726,447,1,2,6,11
1727,390,2,2,15,21
1728,672,3,6,13,18
1729,861,2,1,14,3
1730,43,2,3,13,3
1731,254,2,6,20,12
1732,130,6,3,10,27
1733,60,3,2,15,21
1734,663,2,4,18,21
1735,467,3,2,16,6
1736,287,5,4,5,21
1737,517,5,6,10,28
1738,467,4,4,16,6
1739,930,1,2,8,8
1740,778,4,0,17,15
1741,345,4,3,16,18
1742,642,3,5,11,20
1743,382,3,4,22,29
1744,779,3,4,21,16
1745,690,3,0,21,6
1746,253,2,6,4,28
1747,927,2,6,10,21
1748,56,1,6,3,17
1749,463,3,5,3,9
1750,457,1,1,2,19
1751,983,4,0,23,18
1752,83,1,5,22,25
1753,905,3,0,16,23
1754,99,3,4,6,5
1755,149,4,3,3,28
1756,329,2,0,22,6
1757,156,4,1,12,12
1758,190,1,2,11,11
1759,494,4,5,0,16
1760,883,2,0,20,20
1761,263,3,0,18,17
1762,80,1,1,20,20
1763,400,2,3,19,9
1764,764,1,0,17,1
1765,609,2,0,10,26
1766,260,1,3,19,3
1767,772,2,1,2,21
1768,615,2,5,16,23
1769,552,3,5,11,9
1770,785,1,0,9,22
1771,101,2,3,7,19
1772,359,4,0,14,13
1773,380,3,6,4,23
1774,820,1,2,3,14
1775,221,2,5,20,20
1776,820,2,6,19,19
1777,420,3,4,18,23
1778,124,3,2,20,27
1779,422,2,0,3,27
1780,231,2,1,14,7
1781,690,4,5,16,4
1782,63,3,4,11,12
1783,485,3,2,2,23
1784,628,1,5,9,27
1785,703,1,3,14,14
1786,574,1,1,9,2
1787,768,2,2,23,1
1788,483,3,3,22,28
1789,519,2,6,17,18
1790,155,1,0,0,20
1791,92,4,3,2,8
1792,982,2,2,20,3
1793,526,5,2,11,26
1794,455,6,6,0,6
1795,741,2,0,2,22
1796,598,1,3,2,13
1797,645,1,3,4,9
1798,510,1,0,18,9
1799,183,2,3,0,20
1800,386,4,5,3,9
1801,574,2,0,3,15
1802,731,3,1,16,13
1803,405,2,2,13,22
1804,246,2,1,17,16
1805,742,1,5,0,2
1806,591,2,6,21,26
1807,661,3,5,15,14
1808,650,2,4,2,27
1809,471,3,4,22,6
1810,826,2,4,20,2
1811,888,3,0,8,8
1812,423,1,3,22,4
1813,901,2,5,3,21
1814,65,2,1,20,24
1815,13,1,6,4,14
1816,213,1,1,10,11
1817,986,3,1,20,24
1818,242,5,1,8,28
1819,493,3,6,2,14
1820,213,2,4,5,12
1821,693,5,1,23,16
1822,338,2,6,10,6
1823,997,3,6,8,20
1824,173,2,3,14,1
1825,672,4,6,22,12
1826,164,2,4,2,7
1827,465,1,1,0,8
1828,995,3,6,19,9
1829,497,5,0,21,2
1830,700,6,6,18,17
1831,395,4,2,13,20
1832,703,2,2,16,13
1833,917,3,2,21,5
1834,308,2,6,13,10
1835,768,3,4,16,12
1836,183,3,1,13,17
1837,629,4,5,11,21
1838,794,5,5,15,6
1839,510,2,5,0,3
1840,708,2,4,12,28
1841,546,2,3,5,15
1842,564,3,0,16,7
1843,624,2,0,11,6
1844,764,2,2,22,4
1845,594,5,2,18,19
1846,744,4,6,5,5
1847,227,3,5,6,3
1848,745,2,6,0,26
1849,733,2,5,0,25
1850,436,3,2,4,9
1851,925,2,1,5,6
1852,422,3,3,15,13
1853,554,3,6,15,27
1854,21,4,3,13,22
1855,554,4,3,0,28
1856,397,4,3,12,20
1857,625,1,2,19,4
1858,105,1,0,9,2
1859,192,2,2,23,26
1860,17,6,3,9,4
1861,120,4,2,8,8
1862,393,1,3,12,13
1863,425,3,4,2,10
1864,129,2,5,17,18
1865,130,7,0,19,9
1866,572,2,4,1,1
1867,560,1,1,16,13
1868,29,5,2,18,18
1869,97,1,1,22,15
1870,10,3,6,12,2
1871,242,6,2,12,11
1872,826,3,5,0,29
1873,956,5,4,1,14
1874,232,1,5,0,22
1875,789,3,6,23,15
1876,284,2,3,4,14
1877,715,2,5,23,16
1878,759,3,5,2,23
1879,802,3,3,6,29
1880,776,5,2,23,15
1881,955,5,3,21,19
1882,726,3,4,12,27
1883,200,2,5,22,9
1884,945,2,3,17,5
1885,79,3,6,23,5
1886,913,1,6,20,11
1887,956,6,5,6,28
1888,855,1,4,0,20
1889,856,3,1,4,25
1890,173,3,4,16,24
1891,467,5,0,7,28
1892,581,2,0,14,4
1893,416,3,0,19,20
1894,940,5,5,3,18
1895,449,3,6,1,25
1896,87,3,2,4,3
1897,101,3,6,0,4
1898,8,3,2,4,14
1899,845,3,2,5,7
1900,200,3,6,1,26
1901,505,1,5,0,8
1902,87,4,4,3,24
1903,43,3,2,6,16
1904,385,2,1,21,20
1905,621,2,6,0,15
1906,435,3,6,0,7
1907,408,1,0,7,26
1908,483,4,4,19,17
1909,664,4,0,15,22
1910,17,7,6,20,22
1911,645,2,6,12,22
1912,148,3,2,22,12
1913,277,2,4,23,18
1914,232,2,3,22,24
1915,826,4,1,17,14
1916,927,3,2,19,15
1917,366,3,6,9,15
1918,228,1,2,11,5
1919,651,1,1,0,16
1920,436,4,6,9,5
1921,399,4,1,8,2
1922,211,1,3,2,20
1923,391,3,2,18,28
1924,499,1,5,8,25
1925,540,1,2,9,9
1926,563,1,0,18,22
1927,491,3,4,15,27
1928,442,3,4,23,9
1929,261,4,0,17,4
1930,773,2,6,13,15
1931,350,2,4,2,11
1932,352,3,1,1,1
1933,520,3,4,0,18
1934,320,3,4,17,29
1935,138,1,0,23,1
1936,550,2,6,8,8
1937,623,3,3,12,25
1938,992,1,4,1,16
1939,368,1,5,6,26
1940,220,3,4,15,28
1941,337,1,3,20,22
1942,223,5,0,18,18
1943,648,5,3,14,22
1944,768,4,0,21,9
1945,360,3,1,10,12
1946,921,5,0,0,19
1947,329,3,1,20,25
1948,962,6,1,6,18
1949,463,4,0,19,27
1950,946,2,5,7,5
1951,963,2,2,9,27
1952,561,5,0,4,2
1953,804,3,4,8,7
1954,382,4,5,0,27
1955,836,1,5,1,10
1956,590,3,4,18,15
1957,617,3,2,13,25
1958,169,1,5,19,7
1959,217,3,1,9,28
1960,378,4,2,8,5
1961,119,4,6,9,15
1962,190,2,4,5,20
1963,767,2,2,16,28
1964,370,2,0,5,20
1965,778,5,2,3,15
1966,149,5,1,19,10
1967,676,6,0,2,24
1968,652,1,3,22,26
1969,859,4,4,18,29
1970,488,1,4,17,26
1971,770,4,2,23,14
1972,374,3,5,3,26
1973,781,6,0,7,26
1974,693,6,3,16,10
1975,160,4,0,4,17
1976,351,2,4,12,21
1977,912,3,0,0,14
1978,288,5,3,12,2
1979,288,6,5,3,16
1980,892,3,2,21,13
1981,226,6,1,23,27
1982,523,3,0,13,9
1983,522,1,1,2,7
1984,783,4,4,4,16
1985,273,3,2,6,10
1986,936,3,6,0,24
1987,402,2,2,22,22
1988,183,4,0,11,9
1989,969,4,5,10,22
1990,665,3,2,23,23
1991,488,2,0,7,7
1992,827,2,0,5,16
1993,846,2,1,21,9
1994,124,4,2,1,27
1995,985,3,0,18,24
1996,626,1,1,19,29
1997,790,1,3,19,17
1998,414,4,6,23,20
1999,980,4,1,13,7
2000,725,3,1,0,11
2001,172,4,0,9,8
2002,288,7,4,15,7
2003,435,4,4,3,28
2004,686,3,5,10,19
2005,113,4,4,15,20
2006,888,4,1,19,12
2007,917,4,5,0,7
2008,995,4,0,15,8
2009,122,3,2,18,7
2010,544,2,6,20,6
2011,222,3,6,21,25
2012,631,3,1,8,9
2013,39,7,1,8,27
2014,497,6,5,8,13
2015,780,1,0,16,7
2016,233,3,3,11,8
2017,943,1,1,12,22
2018,530,2,3,7,17
2019,149,6,3,15,17
2020,397,5,4,17,16
2021,661,4,0,0,22
2022,638,2,6,0,2
2023,904,2,6,11,8
2024,302,3,3,5,17
2025,360,4,6,8,13
2026,238,2,0,22,18
2027,647,1,4,4,24
2028,663,3,0,15,28
2029,236,2,1,17,22
2030,736,4,3,16,28
2031,203,1,0,17,10
2032,256,2,6,0,2
2033,598,2,2,18,2
2034,662,5,0,21,27
2035,235,2,3,7,14
2036,345,5,4,2,16
2037,534,1,6,4,7
2038,860,2,4,22,21
2039,797,4,3,7,21
2040,781,7,6,18,24
2041,466,4,1,17,12
2042,770,5,6,17,28
2043,541,2,1,20,23
2044,213,3,4,0,28
2045,463,5,4,14,14
2046,436,5,3,17,25
2047,283,1,1,6,4
2048,562,4,4,15,26
2049,607,2,1,15,4
2050,463,6,4,14,18
2051,407,3,6,5,3
2052,88,3,0,8,1
2053,44,2,2,6,17
2054,461,1,6,13,7
2055,278,3,5,10,16
2056,683,2,0,20,5
2057,421,1,5,15,19
2058,701,2,4,5,7
2059,353,5,2,21,14
2060,696,1,2,15,2
2061,515,3,4,19,3
2062,703,3,4,15,17
2063,630,4,1,11,16
2064,19,3,4,16,8
2065,23,1,3,4,18
2066,413,1,4,12,15
2067,30,1,3,7,7
2068,807,3,4,23,27
2069,108,5,1,4,9
2070,367,2,3,11,6
2071,281,2,0,8,18
2072,128,4,3,2,18
2073,229,4,6,2,25
2074,111,2,1,0,26
2075,136,1,5,21,24
2076,362,2,3,17,14
2077,186,2,6,23,14
2078,656,2,6,11,14
2079,584,5,6,8,25
2080,129,3,4,8,4
2081,876,2,6,17,4
2082,261,5,4,17,15
2083,515,4,5,6,15
2084,449,4,1,3,18
2085,900,2,2,12,14
2086,104,2,4,16,26
2087,483,5,6,23,1
2088,224,4,6,1,10
2089,832,2,0,13,29
2090,874,3,6,2,20
2091,866,5,1,4,10
2092,491,4,3,13,10
2093,473,2,3,2,27
2094,10,4,6,22,24
2095,405,3,0,6,2
2096,896,1,4,17,29
2097,302,4,1,12,28
2098,231,3,0,22,27
2099,731,4,4,21,8
2100,923,1,1,9,1
2101,66,2,6,12,1
2102,937,5,3,15,4
2103,112,1,1,8,7
2104,13,2,6,1,9
2105,393,2,5,22,16
2106,500,4,2,4,5
2107,932,2,1,21,2
2108,598,3,2,16,28
2109,234,1,1,22,23
2110,602,4,2,21,11
2111,314,2,5,3,18
2112,566,1,3,16,25
2113,12,8,4,8,25
2114,209,3,2,19,19
2115,974,3,5,1,13
2116,14,3,2,23,24
2117,633,4,3,17,11
2118,418,4,2,20,20
2119,437,2,5,21,19
2120,377,2,6,10,17
2121,20,3,5,12,5
2122,587,1,0,7,13
2123,912,4,3,0,27
2124,755,3,6,16,20
2125,735,2,0,11,1
2126,70,2,3,3,10
2127,824,2,6,20,8
2128,211,2,2,12,24
2129,101,4,6,8,29
2130,698,2,5,6,8
2131,132,1,0,22,19
2132,623,4,2,23,6
2133,381,7,5,4,12
2134,132,2,3,4,28
2135,20,4,6,16,7
2136,906,3,5,8,16
2137,536,2,2,5,9
2138,227,4,0,18,21
2139,154,4,0,15,25
2140,805,7,6,20,22
2141,742,2,5,1,10
2142,469,3,2,9,10
2143,822,6,1,15,10
2144,1000,1,3,4,20
2145,871,3,3,14,29
2146,405,4,2,12,16
2147,202,2,1,12,1
2148,38,2,0,12,17
2149,942,2,6,14,26
2150,772,3,4,13,21
2151,188,2,4,7,29
2152,57,1,6,10,14
2153,941,1,2,17,19
2154,20,5,1,23,21
2155,273,4,1,3,21
2156,119,5,3,9,17
2157,583,2,0,0,14
2158,516,4,5,4,8
2159,221,3,1,12,21
2160,526,6,6,0,21
2161,515,5,5,22,9
2162,728,1,4,7,8
2163,741,3,5,2,13
2164,336,5,0,2,17
2165,698,3,6,6,19
2166,55,5,0,3,28
2167,500,5,5,2,7
2168,900,3,2,14,17
2169,888,5,1,7,1
2170,766,1,6,2,5
2171,536,3,2,6,25
2172,162,3,5,17,6
2173,670,7,1,10,26
2174,594,6,3,10,2
2175,915,4,2,16,27
2176,159,5,2,5,25
2177,188,3,5,7,16
2178,60,4,4,0,22
2179,915,5,5,9,5
2180,817,4,2,18,5
2181,319,2,1,2,12
2182,878,2,4,3,3
2183,211,3,5,10,16
2184,406,4,6,14,6
2185,664,5,5,0,15
2186,109,2,2,8,15
2187,76,2,2,10,29
2188,542,2,3,18,16
2189,314,3,5,12,20
2190,998,3,2,15,13
2191,117,6,6,3,12
2192,927,4,0,0,10
2193,868,1,4,19,14
2194,704,3,0,12,2
2195,19,4,4,0,29
2196,432,3,6,4,3
2197,685,4,5,4,9
2198,740,4,3,13,11
2199,350,3,2,22,11
2200,183,5,2,13,25
2201,113,5,2,7,22
2202,183,6,5,3,10
2203,481,2,4,6,26
2204,146,4,6,19,14
2205,831,4,2,18,9
2206,628,2,0,14,20
2207,113,6,2,21,27
2208,763,3,5,3,21
2209,476,4,6,18,10
2210,763,4,3,8,22
2211,303,5,6,20,29
2212,971,4,0,12,9
2213,825,3,2,13,29
2214,118,2,2,22,5
2215,813,3,1,13,8
2216,161,6,4,21,11
2217,401,5,0,9,1
2218,198,2,1,15,21
2219,260,2,6,4,10
2220,660,3,3,22,1
2221,752,2,4,5,26
2222,47,3,0,1,22
2223,987,3,2,12,7
2224,399,5,6,12,28
2225,710,4,0,18,14
2226,559,2,2,17,5
2227,78,2,4,18,17
2228,124,5,2,0,22
2229,75,4,3,7,26
2230,871,4,6,21,21
2231,137,2,5,15,6
2232,602,5,2,1,16
2233,400,3,3,7,11
2234,837,3,5,5,10
2235,505,2,6,15,15
2236,500,6,4,22,7
2237,573,2,4,10,23
2238,138,2,6,16,2
2239,50,2,6,22,12
2240,771,1,0,18,19
2241,973,5,3,10,12
2242,619,2,3,7,16
2243,625,2,6,21,6
2244,862,3,1,3,3
2245,254,3,1,10,2
2246,630,5,5,7,20
2247,710,5,5,8,5
2248,849,4,1,1,11
2249,877,2,6,15,26
2250,563,2,6,5,25
2251,757,3,5,20,3
2252,915,6,2,20,3
2253,426,3,6,18,22
2254,547,1,1,7,5
2255,302,5,3,13,22
2256,922,3,6,23,23
2257,581,3,6,15,11
2258,349,5,2,11,3
2259,832,3,5,4,13
2260,933,2,6,23,21
2261,980,5,4,23,8
2262,49,3,0,18,20
2263,917,5,1,17,10
2264,74,1,4,8,2
2265,704,4,5,1,4
2266,261,6,3,19,18
2267,356,5,0,11,19
2268,582,1,4,1,4
2269,602,6,0,9,20
2270,260,3,1,0,26
2271,638,3,5,3,9
2272,743,3,6,11,16
2273,295,3,3,8,26
2274,931,2,5,3,6
2275,641,3,0,8,25
2276,792,2,4,5,4
2277,313,4,1,0,9
2278,612,2,1,9,27
2279,838,4,5,13,13
2280,809,2,6,21,9
2281,182,3,4,17,6
2282,686,4,6,5,21
2283,828,6,6,17,19
2284,364,6,4,19,14
2285,188,4,0,15,21
2286,569,2,5,14,15
2287,543,2,5,15,3
2288,596,1,2,7,5
2289,664,6,5,12,21
2290,985,4,1,22,18
2291,548,4,0,10,14
2292,725,4,4,6,16
2293,926,3,5,16,14
2294,408,2,0,17,9
2295,876,3,5,21,15
2296,618,2,4,22,7
2297,414,5,3,18,14
2298,342,5,4,12,6
2299,220,4,4,14,21
2300,903,3,4,22,15
2301,163,3,5,21,20
2302,951,1,2,21,8
2303,220,5,4,0,2
2304,270,3,1,15,8
2305,632,3,1,4,1
2306,906,4,0,2,26
2307,848,2,2,22,17
2308,400,4,0,9,19
2309,182,4,1,18,5
2310,991,2,6,4,22
2311,618,3,1,6,20
2312,729,2,3,13,16
2313,205,1,4,2,7
2314,582,2,6,12,7
2315,556,2,1,12,18
2316,841,1,5,9,18
2317,813,4,5,1,2
2318,228,2,0,5,15
2319,696,2,6,7,14
2320,619,3,0,3,18
2321,596,2,4,11,29
2322,850,2,4,14,9
2323,250,3,3,7,14
2324,875,1,2,6,5
2325,441,2,0,13,11
2326,533,1,4,22,8
2327,196,3,0,18,5
2328,690,5,4,13,29
2329,929,2,1,21,11
2330,987,4,0,12,5
2331,519,3,1,20,17
2332,70,3,0,0,22
2333,639,1,2,18,4
2334,399,6,3,0,15
2335,978,6,5,3,19
2336,672,5,5,9,22
2337,760,1,5,2,2
2338,203,2,1,19,24
2339,148,4,6,8,17
2340,472,1,4,2,12
2341,655,4,5,5,25
2342,944,4,2,5,24
2343,199,2,5,22,17
2344,917,6,0,11,10
2345,426,4,1,22,28
2346,666,6,6,0,25
2347,492,2,0,15,18
2348,888,6,6,23,19
2349,896,2,0,4,18
2350,142,2,0,8,13
2351,313,5,3,9,14
2352,165,3,3,12,24
2353,314,4,4,14,16
2354,21,5,1,11,18
2355,82,3,2,4,26
2356,581,4,2,4,18
2357,131,3,2,17,16
2358,599,3,0,11,17
2359,730,1,3,2,7
2360,933,3,1,6,12
2361,984,4,0,16,2
2362,305,5,6,18,10
2363,915,7,3,17,5
2364,371,4,3,0,21
2365,857,3,5,23,3
2366,853,2,5,4,19
2367,384,2,1,1,13
2368,908,2,6,0,12
2369,445,3,1,6,3
2370,425,4,1,10,6
2371,161,7,0,10,14
2372,178,3,4,17,4
2373,629,5,1,16,13
2374,708,3,5,1,19
2375,895,2,4,6,18
2376,490,5,0,6,29
2377,327,2,4,9,3
2378,598,4,2,21,20
2379,289,4,6,20,6
2380,593,3,4,2,16
2381,664,7,1,11,20
2382,573,3,0,2,24
2383,573,4,6,10,3
2384,354,2,1,11,12
2385,28,2,6,3,19
2386,954,2,5,15,19
2387,43,4,2,19,24
2388,681,3,5,17,4
2389,423,2,1,3,1
2390,598,5,1,21,2
2391,177,2,1,5,13
2392,529,2,3,20,26
2393,610,5,2,14,29
2394,966,4,6,0,13
2395,494,5,1,2,2
2396,198,3,1,4,19
2397,610,6,6,21,22
2398,577,2,5,16,24
2399,842,2,5,13,16
2400,853,3,1,8,12
2401,517,6,0,2,1
2402,514,2,3,12,9
2403,22,4,5,2,17
2404,112,2,0,10,10
2405,57,2,3,1,18
2406,66,3,1,23,19
2407,842,3,2,14,7
2408,98,3,4,12,25
2409,144,3,4,18,19
2410,880,1,1,21,24
2411,435,5,5,15,15
2412,637,4,0,17,9
2413,679,1,2,6,10
2414,86,4,6,12,23
2415,588,4,3,3,20
2416,344,5,1,8,20
2417,936,4,2,9,4
2418,294,2,2,8,6
2419,956,7,5,6,4
2420,571,5,3,14,5
2421,650,3,2,7,9
2422,611,1,5,18,12
2423,704,5,0,10,23
2424,243,3,5,4,8
2425,831,5,0,1,21
2426,561,6,0,9,5
2427,960,2,6,15,29
2428,32,2,6,22,11
2429,391,4,2,12,23
2430,277,3,5,7,11
2431,532,4,6,8,13
2432,154,5,0,10,14
2433,383,2,6,10,28
2434,68,1,3,22,8
2435,878,3,2,15,25
2436,884,2,5,9,18
2437,214,2,5,23,19
2438,655,5,4,11,12
2439,376,3,5,5,12
2440,744,5,2,11,18
2441,213,4,3,9,10
2442,79,4,5,17,7
2443,726,4,4,17,28
2444,628,3,2,3,18
2445,604,3,0,8,12
2446,782,3,1,6,14
2447,923,2,1,17,15
2448,381,8,0,7,16
2449,680,1,6,10,2
2450,58,2,5,6,18
2451,796,2,1,8,12
2452,26,2,6,7,16
2453,881,2,1,2,13
2454,447,2,0,16,20
2455,66,4,5,1,17
2456,921,6,5,14,18
2457,760,2,6,13,3
2458,254,4,0,17,23
2459,899,4,6,15,10
2460,968,2,5,19,1
2461,44,3,5,21,6
2462,97,2,2,3,3
2463,554,5,6,19,19
2464,227,5,2,5,4
2465,774,5,0,5,29
2466,679,2,3,10,20
2467,436,6,1,16,23
2468,791,1,2,23,3
2469,601,2,1,2,8
2470,379,1,4,12,8
2471,178,4,0,21,27
2472,427,4,3,2,29
2473,915,8,4,15,7
2474,709,2,4,14,2
2475,307,2,5,10,21
2476,779,4,4,17,6
2477,504,2,0,14,28
2478,268,4,2,4,16
2479,586,3,0,15,10
2480,8,4,2,15,4
2481,920,1,4,16,13
2482,508,1,4,8,10
2483,476,5,3,22,21
2484,297,1,2,2,14
2485,164,3,4,19,9
2486,485,4,5,12,11
2487,597,2,1,21,23
2488,72,2,3,2,18
2489,567,2,0,6,11
2490,905,4,3,5,17
2491,559,3,1,8,2
2492,911,2,2,11,3
2493,944,5,0,14,11
2494,238,3,0,20,18
2495,104,3,2,19,27
2496,210,3,6,2,3
2497,554,6,6,9,26
2498,828,7,3,0,15
2499,468,1,4,18,11
2500,454,4,6,18,11
2501,268,5,3,22,28
2502,386,5,6,22,28
2503,775,3,1,12,25
2504,848,3,5,11,20
2505,387,3,4,0,28
2506,877,3,3,18,25
2507,259,3,5,23,11
2508,283,2,5,15,19
2509,626,2,6,22,28
2510,875,2,2,22,1
2511,40,5,1,14,27
2512,486,1,1,15,5
2513,929,3,1,10,10
2514,220,6,4,23,10
2515,129,4,0,5,14
2516,520,4,4,10,2
2517,613,2,3,2,4
2518,928,3,5,14,2
2519,892,4,5,0,18
2520,688,4,0,6,13
2521,619,4,3,0,19
2522,613,3,0,16,5
2523,260,4,5,8,20
2524,990,5,6,22,2
2525,966,5,4,12,11
2526,366,4,1,10,26
2527,758,3,5,19,18
2528,787,2,2,5,6
2529,544,3,1,0,23
2530,649,2,5,6,28
2531,524,6,4,11,10
2532,907,2,0,21,22
2533,814,5,6,19,23
2534,887,4,6,22,17
2535,16,3,1,18,22
2536,129,5,4,16,11
2537,575,4,6,3,19
2538,109,3,6,2,17
2539,887,5,3,0,24
2540,533,2,2,17,4
2541,670,8,1,20,26
2542,269,1,0,14,24
2543,162,4,6,7,26
2544,260,5,3,0,14
2545,924,3,4,19,27
2546,102,6,6,13,20
2547,506,3,2,3,4
2548,735,3,0,4,28
2549,571,6,4,22,14
2550,247,1,4,12,26
2551,640,2,1,23,4
2552,795,1,6,14,6
2553,837,4,1,5,9
2554,537,7,0,0,21
2555,131,4,6,22,12
2556,353,6,5,18,29
2557,196,4,6,12,26
2558,793,4,5,5,8
2559,916,5,4,14,24
2560,930,2,1,15,4
2561,666,7,2,23,27
2562,382,5,6,22,26
2563,645,3,2,15,25
2564,227,6,6,9,25
2565,701,3,4,21,5
2566,476,6,1,8,6
2567,477,5,0,8,5
2568,265,1,0,16,19
2569,372,2,0,16,27
2570,486,2,6,16,8
2571,434,1,6,23,9
2572,646,3,2,11,15
2573,211,4,1,12,4
2574,572,3,6,11,25
2575,940,6,1,13,9
2576,377,3,2,9,7
2577,395,5,6,22,8
2578,450,4,0,18,15
2579,943,2,0,1,19
2580,364,7,4,3,15
2581,876,4,5,18,5
2582,457,2,3,6,19
2583,725,5,5,14,7
2584,728,2,6,14,6
2585,226,7,1,23,27
2586,982,3,6,5,19
2587,131,5,1,2,25
2588,588,5,1,5,28
2589,476,7,5,15,17
2590,798,2,3,1,10
2591,986,4,4,6,19
2592,277,4,5,10,11
2593,156,5,3,6,15
2594,760,3,0,3,10
2595,218,4,0,23,11
2596,190,3,1,19,23
2597,417,2,2,6,3
2598,981,4,6,3,3
2599,675,3,6,11,18
2600,692,1,1,4,25
2601,546,3,2,22,11
2602,41,2,3,18,20
2603,307,3,0,4,26
2604,943,3,6,18,29
2605,338,3,5,20,22
2606,314,5,2,2,18
2607,75,5,3,10,25
2608,953,2,0,6,15
2609,279,3,5,16,7
2610,176,2,2,8,10
2611,896,3,1,20,21
2612,662,6,1,8,23
2613,273,5,1,9,20
2614,837,5,6,12,29
2615,620,3,3,14,10
2616,651,2,1,21,13
2617,862,4,6,4,15
2618,783,5,4,2,23
2619,859,5,6,7,18
2620,931,3,0,19,23
2621,289,5,6,9,4
2622,724,1,3,12,20
2623,893,3,5,2,17
2624,272,2,6,21,28
2625,930,3,1,7,3
2626,66,5,0,8,21
2627,483,6,2,21,21
2628,936,5,1,20,2
2629,248,2,0,11,4
2630,156,6,4,10,1
2631,47,4,2,1,15
2632,935,2,4,17,25
2633,454,5,5,8,1
2634,201,3,0,1,6
2635,660,4,4,1,7
2636,124,6,5,2,19
2637,1,3,0,15,12
2638,968,3,0,18,1
2639,759,4,4,3,7
2640,855,2,0,22,19
2641,640,3,1,17,13
2642,191,2,0,19,26
2643,579,2,3,17,12
2644,516,5,5,9,12
2645,442,4,0,10,22
2646,921,7,3,16,13
2647,815,4,0,23,28
2648,806,2,0,22,14
2649,143,4,4,23,22
2650,191,3,1,19,12
2651,533,3,5,15,20
2652,227,7,1,19,12
2653,313,6,2,12,27
2654,629,6,4,1,6
2655,949,2,4,23,27
2656,302,6,1,1,10
2657,654,3,6,13,20
2658,996,1,4,3,29
2659,460,4,1,16,24
2660,401,6,4,12,9
2661,551,2,0,3,2
2662,393,3,1,2,7
2663,867,4,1,11,9
2664,764,3,3,21,25
2665,845,4,4,22,12
2666,207,2,4,7,5
2667,210,4,1,1,1
2668,115,3,0,5,22
2669,737,2,0,21,15
2670,646,4,5,9,8
2671,251,6,0,11,1
2672,219,1,4,20,18
2673,407,4,6,9,13
2674,443,3,3,9,29
2675,603,1,1,22,1
2676,354,3,2,2,5
2677,888,7,3,19,18
2678,558,3,6,9,16
2679,550,3,2,8,26
2680,142,3,3,19,10
2681,612,3,0,18,4
2682,501,4,4,13,1
2683,840,4,6,1,23
2684,702,3,2,4,8
2685,547,2,6,19,5
2686,659,2,3,7,2
2687,542,3,4,6,24
2688,846,3,6,5,17
2689,507,3,2,10,7
2690,596,3,1,11,17
2691,881,3,3,17,28
2692,281,3,1,18,6
2693,424,3,0,9,29
2694,856,4,1,20,22
2695,270,4,1,13,15
2696,154,6,5,2,5
2697,614,3,3,17,15
2698,727,7,0,23,18
2699,662,7,1,14,18
2700,944,6,4,5,25
2701,83,2,2,9,21
2702,622,2,1,11,21
2703,947,4,0,6,23
2704,899,5,1,16,6
2705,426,5,2,0,2
2706,275,2,0,17,27
2707,713,2,3,14,17
2708,284,3,0,18,21
2709,980,6,3,0,4
2710,173,4,0,4,12
2711,327,3,6,14,19
2712,718,2,2,2,2
2713,63,4,2,0,26
2714,73,5,0,7,2
2715,763,5,6,11,14
2716,636,1,1,21,15
2717,375,3,2,18,20
2718,633,5,3,11,2
2719,508,2,3,12,4
2720,787,3,4,0,19
2721,943,4,5,18,9
2722,398,1,6,5,7
2723,120,5,5,7,13
2724,934,5,5,3,27
2725,437,3,3,4,12
2726,829,1,4,21,3
2727,676,7,5,6,13
2728,936,6,5,22,15
2729,465,2,0,3,14
2730,286,3,0,19,24
2731,265,2,0,3,9
2732,320,4,1,14,13
2733,673,4,5,20,23
2734,376,4,1,4,22
2735,820,3,4,23,4
2736,89,4,6,8,21
2737,654,4,3,1,8
2738,203,3,5,6,3
2739,821,2,3,16,2
2740,739,5,6,15,19
2741,955,6,0,16,28
2742,334,4,5,19,23
2743,222,4,2,22,8
2744,41,3,1,1,17
2745,708,4,1,10,13
2746,68,2,5,1,7
2747,988,4,6,0,9
2748,776,6,0,1,12
2749,514,3,1,22,29
2750,873,2,0,8,14
2751,637,5,4,21,14
2752,622,3,3,1,15
2753,598,6,6,14,3
2754,937,6,2,9,15
2755,632,4,3,14,19
2756,127,2,3,9,24
2757,255,1,4,22,20
2758,695,2,1,16,14
2759,16,4,2,8,8
2760,477,6,1,17,5
2761,62,3,5,3,19
2762,881,4,3,8,4
2763,432,4,5,15,14
2764,670,9,0,3,16
2765,268,6,3,15,20
2766,35,3,1,18,24
2767,779,5,3,0,6
2768,576,3,0,22,23
2769,494,6,4,5,25
2770,562,5,5,9,6
2771,469,4,5,15,3
2772,767,3,1,3,15
2773,661,5,3,21,29
2774,325,1,1,21,3
2775,304,3,4,12,11
2776,276,3,3,15,3
2777,869,2,3,19,28
2778,963,3,1,5,10
2779,684,1,1,10,18
2780,929,4,0,23,1
2781,201,4,6,2,16
2782,445,4,6,19,16
2783,905,5,4,9,27
2784,324,5,6,0,10
2785,35,4,0,19,1
2786,977,3,5,10,4
2787,482,5,3,11,3
2788,728,3,1,13,5
2789,480,1,3,7,12
2790,65,3,3,10,25
2791,8,5,2,3,12
2792,301,5,5,6,13
2793,343,2,2,9,24
2794,431,1,6,18,12
2795,424,4,3,3,25
2796,332,3,1,1,16
2797,438,1,3,20,13
2798,588,6,5,17,5
2799,174,1,2,13,24
2800,559,4,1,15,4
2801,527,4,3,21,21
2802,873,3,4,10,15
2803,659,3,5,9,12
2804,26,3,5,16,19
2805,820,4,4,13,21
2806,605,4,3,21,28
2807,406,5,5,3,19
2808,232,3,1,18,21
2809,533,4,3,1,11
2810,819,2,3,6,21
2811,550,4,2,8,6
2812,788,2,5,18,9
2813,505,3,5,15,1
2814,669,3,4,21,12
2815,179,2,2,15,26
2816,132,3,6,17,14
2817,823,3,2,22,6
2818,455,7,5,20,1
2819,348,2,3,20,22
2820,540,2,2,10,2
2821,772,4,4,6,24
2822,406,6,2,8,11
2823,76,3,4,3,3
2824,941,2,6,12,10
2825,579,3,2,3,6
2826,854,2,4,18,6
2827,492,3,2,1,20
2828,194,3,6,8,21
2829,984,5,2,11,2
2830,162,5,1,1,26
2831,347,2,4,5,26
2832,951,2,6,4,24
2833,361,5,4,4,10
2834,769,3,4,19,23
2835,584,6,0,21,26
2836,87,5,6,4,6
2837,934,6,2,3,23
2838,262,3,4,8,28
2839,214,3,5,21,17
2840,665,4,0,9,14
2841,722,2,1,15,5
2842,913,2,4,9,23
2843,573,5,4,9,17
2844,780,2,0,18,2
2845,262,4,2,9,9
2846,730,2,5,5,12
2847,283,3,1,16,19
2848,648,6,4,4,22
2849,467,6,2,5,7
2850,380,4,6,23,9
2851,362,3,5,14,21
2852,449,5,6,18,16
2853,441,3,5,17,20
2854,93,2,1,3,11
2855,621,3,3,7,12
2856,753,4,5,15,15
2857,867,5,3,23,18
2858,424,5,6,18,19
2859,142,4,5,19,16
2860,291,3,1,2,15
2861,432,5,0,9,5
2862,749,4,1,1,11
2863,852,3,1,3,15
2864,824,3,0,5,29
2865,689,5,0,10,18
2866,653,3,2,13,13
2867,701,4,5,15,4
2868,998,4,6,20,17
2869,49,4,2,18,4
2870,302,7,0,1,16
2871,881,5,3,16,23
2872,190,4,6,8,15
2873,136,2,3,16,14
2874,555,1,1,14,12
2875,404,2,4,6,3
2876,892,5,1,21,10
2877,865,2,1,22,8
2878,602,7,4,18,6
2879,807,4,5,2,22
2880,341,3,0,0,14
2881,757,4,3,3,17
2882,945,3,1,17,21
2883,704,6,4,7,19
2884,318,8,2,18,16
2885,618,4,1,22,15
2886,363,4,3,22,26
2887,822,7,0,5,15
2888,382,6,1,0,1
2889,233,4,1,7,24
2890,777,2,5,0,23
2891,344,6,4,18,23
2892,549,2,2,10,12
2893,817,5,2,20,10
2894,553,4,6,23,14
2895,529,3,0,14,10
2896,856,5,6,22,10
2897,789,4,3,10,20
2898,819,3,0,18,29
2899,571,7,1,20,11
2900,935,3,1,9,22
2901,183,7,2,23,16
2902,41,4,3,11,29
2903,551,3,4,0,9
2904,397,6,3,23,15
2905,704,7,1,6,14
2906,779,6,4,16,19
2907,494,7,3,9,9
2908,659,4,3,5,4
2909,907,3,4,16,21
2910,333,1,1,17,7
2911,127,3,3,4,22
2912,558,4,4,17,26
2913,557,3,5,16,8
2914,1,4,5,21,24
2915,168,3,1,15,8
2916,620,4,4,7,19
2917,19,5,5,23,15
2918,332,4,4,12,16
2919,584,7,3,23,26
2920,456,2,1,15,22
2921,957,5,5,10,23
2922,109,4,6,5,9
2923,268,7,3,2,26
2924,445,5,6,0,26
2925,240,1,6,17,12
2926,929,5,0,4,16
2927,301,6,0,12,4
2928,602,8,1,9,5
2929,103,2,5,4,8
2930,988,5,5,13,1
2931,250,4,5,16,28
2932,453,3,4,0,6
2933,520,5,3,1,15
2934,153,4,5,6,4
2935,859,6,3,9,21
2936,174,2,1,19,11
2937,343,3,6,6,5
2938,670,10,5,23,18
2939,431,2,1,15,24
2940,727,8,5,4,15
2941,689,6,0,11,18
2942,687,5,2,16,20
2943,852,4,1,15,28
2944,850,3,5,19,13
2945,658,4,2,15,5
2946,962,7,1,18,1
2947,324,6,4,14,22
2948,990,6,5,11,18
2949,673,5,4,20,14
2950,639,2,0,9,5
2951,420,4,5,21,6
2952,594,7,6,1,27
2953,485,5,0,6,24
2954,659,5,2,12,25
2955,751,3,1,2,29
2956,412,2,3,14,28
2957,936,7,0,0,16
2958,84,9,3,2,22
2959,113,7,3,9,21
2960,737,3,1,14,12
2961,332,5,2,21,20
2962,378,5,1,5,18
2963,755,4,5,19,2
2964,655,6,0,14,23
2965,41,5,3,23,21
2966,935,4,1,20,23
2967,770,6,1,6,13
2968,959,3,1,20,27
2969,797,5,0,4,17
2970,105,2,2,3,17
2971,202,3,6,21,16
2972,450,5,1,17,21
2973,819,4,0,2,18
2974,843,2,3,16,8
2975,973,6,5,17,3
2976,266,3,6,17,17
2977,910,3,4,23,29
2978,210,5,6,23,18
2979,563,3,6,1,26
2980,118,3,0,12,26
2981,713,3,4,21,23
2982,377,4,1,14,6
2983,551,4,1,4,28
2984,540,3,6,2,8
2985,771,2,0,4,23
2986,84,10,4,4,26
2987,454,6,1,4,13
2988,667,3,3,2,8
2989,629,7,2,2,19
2990,514,4,2,19,6
2991,605,5,1,22,29
2992,678,4,4,17,23
2993,387,4,5,19,15
2994,912,5,1,3,10
2995,350,4,5,0,27
2996,296,3,5,15,17
2997,258,2,4,7,1
2998,81,2,5,16,7
2999,937,7,3,7,29
3000,268,8,4,6,27
3001,419,4,1,7,13
3002,235,3,6,20,3
3003,833,3,3,23,19
3004,311,5,0,11,15
3005,813,5,2,15,5
3006,975,4,1,11,11
3007,986,5,1,18,22
3008,357,2,1,9,18
3009,213,5,3,6,3
3010,574,3,0,11,6
3011,49,5,6,19,3
3012,127,4,4,4,5
3013,223,6,0,15,9
3014,921,8,3,8,28
3015,279,4,1,6,19
3016,408,3,2,19,28
3017,505,4,1,21,27
3018,294,3,4,13,13
3019,796,3,5,10,29
3020,277,5,2,6,6
3021,438,2,1,9,11
3022,107,3,6,8,21
3023,658,5,2,3,21
3024,420,5,5,15,27
3025,611,2,0,9,14
3026,429,4,3,18,6
3027,375,4,1,23,6
3028,73,6,4,16,17
3029,949,3,0,8,11
3030,998,5,1,12,15
3031,634,2,0,0,9
3032,30,2,4,1,21
3033,188,5,1,12,17
3034,364,8,5,23,24
3035,866,6,5,8,7
3036,800,6,4,6,7
3037,451,1,2,15,21
3038,195,2,4,18,1
3039,156,7,2,6,25
3040,172,5,1,5,27
3041,847,1,2,17,25
3042,41,6,1,18,8
3043,63,5,1,10,5
3044,23,2,6,11,19
3045,360,5,3,9,8
3046,75,6,1,12,17
3047,560,2,2,11,19
3048,672,6,3,20,12
3049,825,4,3,9,27
3050,118,4,1,19,23
3051,612,4,4,17,15
3052,380,5,4,3,4
3053,929,6,5,23,23
3054,920,2,3,4,12
3055,679,3,1,4,27
3056,290,1,6,11,13
3057,440,4,4,2,14
3058,668,1,6,7,5
3059,933,4,1,21,22
3060,7,6,1,1,16
3061,196,5,3,17,7
3062,421,2,6,8,15
3063,568,2,5,12,13
3064,833,4,3,6,26
3065,193,2,0,9,16
3066,559,5,6,8,12
3067,148,5,4,21,7
3068,787,4,4,14,16
3069,669,4,4,4,23
3070,202,4,2,11,23
3071,444,1,1,0,27
3072,914,3,3,11,13
3073,988,6,4,21,29
3074,419,5,0,5,23
3075,427,5,4,18,3
3076,479,1,5,18,15
3077,475,2,1,15,28
3078,126,2,6,18,3
3079,395,6,1,2,7
3080,817,6,6,22,18
3081,881,6,6,9,14
3082,806,3,3,17,18
3083,576,4,2,12,19
3084,325,2,6,17,14
3085,392,3,6,2,20
3086,930,4,3,22,6
3087,688,5,4,2,29
3088,628,4,5,22,8
3089,440,5,0,11,26
3090,204,2,3,19,26
3091,486,3,2,6,7
3092,833,5,3,23,20
3093,31,2,1,7,18
3094,388,1,4,8,18
3095,625,3,4,13,15
3096,877,4,6,4,20
3097,434,2,4,20,22
3098,837,6,4,18,19
3099,926,4,4,20,22
3100,376,5,4,15,21
3101,344,7,0,23,21
3102,443,4,2,11,2
3103,579,4,6,20,8
3104,75,7,4,3,21
3105,557,4,6,7,11
3106,772,5,2,6,18
3107,666,8,5,14,23
3108,155,2,4,5,13
3109,430,3,6,4,9
3110,363,5,3,13,9
3111,448,2,6,20,17
3112,987,5,4,12,7
3113,234,2,1,9,9
3114,563,4,0,17,22
3115,818,1,3,3,1
3116,262,5,3,7,2
3117,827,3,1,23,4
3118,125,1,4,10,14
3119,911,3,0,16,4
3120,245,2,3,17,2
3121,542,4,0,20,8
3122,938,3,3,10,18
3123,485,6,4,15,19
3124,122,4,5,11,14
3125,125,2,3,12,20
3126,549,3,5,15,25
3127,170,4,3,22,10
3128,124,7,2,20,17
3129,869,3,4,0,8
3130,35,5,1,15,28
3131,87,6,5,14,14
3132,646,5,1,5,21
3133,708,5,4,11,23
3134,786,2,6,7,8
3135,201,5,1,6,5
3136,369,1,4,1,16
3137,797,6,1,11,8
3138,77,2,5,20,10
3139,59,4,2,13,27
3140,431,3,1,15,8
3141,638,4,5,10,9
3142,500,7,3,19,18
3143,913,3,4,8,3
3144,109,5,0,9,17
3145,736,5,6,16,20
3146,278,4,0,11,15
3147,68,3,4,5,21
3148,69,3,2,18,27
3149,165,4,1,10,17
3150,489,4,2,8,8
3151,305,6,0,20,2
3152,909,3,6,5,17
3153,674,1,5,23,18
3154,365,4,6,15,29
3155,854,3,4,19,5
3156,821,3,4,15,9
3157,379,2,2,5,9
3158,343,4,5,4,2
3159,947,5,2,20,2
3160,899,6,1,3,19
3161,554,7,3,1,23
3162,354,4,5,5,27
3163,416,4,3,8,3
3164,109,6,6,16,17
3165,563,5,1,13,14
3166,762,2,3,6,14
3167,497,7,0,21,14
3168,341,4,6,18,6
3169,942,3,3,0,3
3170,383,3,1,19,1
3171,533,5,3,14,16
3172,300,2,4,17,29
3173,139,1,2,2,4
3174,359,5,0,17,29
3175,836,2,4,1,1
3176,499,2,4,9,17
3177,385,3,1,10,28
3178,604,4,2,23,18
3179,959,4,2,2,26
3180,280,3,5,6,8
3181,637,6,6,7,2
3182,483,7,0,18,27
3183,909,4,6,17,18
3184,111,3,1,12,27
3185,866,7,0,12,27
3186,139,2,5,23,16
3187,996,2,3,18,26
3188,435,6,4,22,10
3189,509,3,0,11,8
3190,273,6,6,16,12
3191,99,4,4,21,22
3192,764,4,1,11,16
3193,850,4,6,12,12
3194,104,4,3,11,11
3195,214,4,1,18,20
3196,761,4,3,13,19
3197,664,8,3,6,1
3198,762,3,4,12,27
3199,787,5,1,5,3
3200,165,5,1,23,12
3201,999,3,0,18,9
3202,853,4,6,18,21
3203,520,6,1,3,29
3204,284,4,0,18,22
3205,517,7,2,8,5
3206,657,3,2,15,1
3207,613,4,2,3,10
3208,164,4,5,5,17
3209,886,4,1,7,4
3210,659,6,5,23,15
3211,64,2,6,15,19
3212,91,1,1,4,27
3213,117,7,0,20,8
3214,866,8,5,21,28
3215,267,3,5,9,28
3216,822,8,6,22,23
3217,685,5,5,12,15
3218,559,6,3,13,27
3219,140,2,0,6,7
3220,246,3,2,19,15
3221,661,6,0,5,8
3222,758,4,3,6,26
3223,395,7,6,4,23
3224,487,1,6,20,10
3225,476,8,1,17,18
3226,517,8,0,22,4
3227,977,4,6,11,15
3228,184,2,5,5,11
3229,20,6,6,0,22
3230,937,8,6,3,3
3231,558,5,6,18,15
3232,524,7,6,11,3
3233,582,3,2,14,15
3234,529,4,2,2,6
3235,883,3,1,22,1
3236,147,5,6,19,14
3237,666,9,0,7,16
3238,304,4,3,10,1
3239,620,5,1,15,21
3240,748,4,0,8,17
3241,820,5,6,2,26
3242,864,2,4,4,8
3243,582,4,6,19,18
3244,695,3,2,13,16
3245,762,4,3,14,6
3246,228,3,5,5,10
3247,102,7,3,3,10
3248,587,2,5,7,5
3249,417,3,3,18,26
3250,958,5,2,4,28
3251,216,6,5,12,12
3252,407,5,0,15,20
3253,399,7,5,0,17
3254,923,3,1,12,14
3255,715,3,0,21,14
3256,704,8,1,10,3
3257,761,5,6,20,29
3258,499,3,3,7,12
3259,754,1,0,7,20
3260,465,3,3,23,18
3261,691,3,6,13,12
3262,949,4,4,12,2
3263,974,4,3,2,2
3264,731,5,6,3,27
3265,82,4,3,19,17
3266,604,5,6,14,10
3267,947,6,1,14,18
3268,687,6,6,20,22
3269,751,4,5,12,19
3270,772,6,4,8,26
3271,903,4,3,9,21
3272,365,5,6,11,1
3273,163,4,6,13,24
3274,48,1,3,0,29
3275,511,2,4,13,4
3276,329,4,4,13,25
3277,840,5,6,7,4
3278,116,3,0,15,2
3279,941,3,1,13,19
3280,849,5,4,0,21
3281,337,2,4,15,12
3282,881,7,2,17,10
3283,737,4,5,6,13
3284,864,3,4,14,29
3285,840,6,1,23,22
3286,147,6,5,16,23
3287,575,5,5,18,20
3288,806,4,3,22,23
3289,323,3,3,12,15
3290,443,5,3,8,26
3291,837,7,3,23,3
3292,13,3,2,23,23
3293,943,5,4,14,20
3294,494,8,3,2,29
3295,701,5,6,23,13
3296,287,6,0,0,8
3297,720,2,3,15,25
3298,114,5,4,7,7
3299,480,2,3,22,24
3300,22,5,2,12,8
3301,349,6,1,7,18
3302,726,5,1,16,9
3303,683,3,4,21,6
3304,835,4,6,22,27
3305,566,2,1,13,4
3306,906,5,1,20,15
3307,810,1,0,20,5
3308,320,5,4,6,26
3309,126,3,6,14,5
3310,277,6,4,15,7
3311,976,4,1,18,9
3312,204,3,1,5,7
3313,194,4,1,22,9
3314,681,4,5,0,20
3315,664,9,2,11,10
3316,547,3,3,17,26
3317,696,3,2,15,4
3318,286,4,4,11,6
3319,57,3,0,19,24
3320,734,3,3,12,14
3321,303,6,0,7,9
3322,163,5,6,21,1
3323,19,6,5,0,17
3324,370,3,4,20,13
3325,264,5,5,6,24
3326,794,6,4,14,27
3327,113,8,0,21,7
3328,488,3,0,12,9
3329,327,4,0,12,11
3330,542,5,4,8,3
3331,647,2,1,23,26
3332,579,5,0,14,12
3333,65,4,5,3,21
3334,292,2,6,12,3
3335,25,4,3,11,15
3336,549,4,4,4,21
3337,1,5,5,6,10
3338,911,4,2,7,1
3339,549,5,6,4,14
3340,141,5,2,8,27
3341,744,6,3,13,20
3342,648,7,1,11,6
3343,901,3,0,3,2
3344,188,6,4,19,29
3345,128,5,5,7,23
3346,201,6,0,16,8
3347,127,5,5,7,1
3348,257,3,4,20,29
3349,676,8,2,0,4
3350,547,4,0,19,27
3351,194,5,3,1,4
3352,703,4,1,3,29
3353,104,5,3,23,5
3354,535,2,1,20,28
3355,265,3,6,0,28
3356,802,4,5,6,20
3357,942,4,0,0,9
3358,974,5,0,8,23
3359,384,3,6,2,13
3360,260,6,1,11,18
3361,414,6,2,18,17
3362,991,3,4,14,25
3363,358,2,3,21,1
3364,75,8,6,15,22
3365,355,1,5,9,15
3366,584,8,6,21,2
3367,771,3,3,5,16
3368,910,4,3,16,20
3369,188,7,5,20,22
3370,973,7,5,21,5
3371,685,6,0,23,27
3372,992,2,3,16,22
3373,290,2,4,20,19
3374,45,1,4,18,5
3375,573,6,1,17,2
3376,83,3,6,10,7
3377,123,1,5,23,3
3378,358,3,0,6,17
3379,528,1,4,9,24
3380,66,6,2,6,24
3381,936,8,0,4,3
3382,657,4,0,11,13
3383,375,5,4,15,7
3384,162,6,2,20,25
3385,746,3,1,17,24
3386,380,6,4,2,3
3387,656,3,2,19,15
3388,358,4,0,14,29
3389,188,8,2,4,18
3390,322,1,0,12,29
3391,450,6,6,18,10
3392,474,2,4,11,23
3393,13,4,5,22,7
3394,184,3,4,20,9
3395,111,4,6,4,5
3396,927,5,3,5,20
3397,508,3,3,6,8
3398,290,3,3,9,14
3399,295,4,4,15,4
3400,451,2,1,7,20
3401,904,3,4,8,28
3402,215,2,6,3,14
3403,974,6,6,20,12
3404,632,5,5,20,2
3405,894,3,2,7,13
3406,567,3,4,6,1
3407,27,3,4,14,20
3408,630,6,0,20,7
3409,733,3,6,2,28
3410,231,4,0,16,25
3411,565,1,0,10,9
3412,807,5,4,8,28
3413,321,2,1,4,26
3414,913,4,2,9,17
3415,233,5,2,14,21
3416,670,11,6,13,23
3417,437,4,5,3,13
3418,781,8,6,20,23
3419,533,6,1,19,10
3420,403,1,1,1,16
3421,53,3,2,11,6
3422,787,6,3,0,16
3423,313,7,0,23,11
3424,281,4,0,19,26
3425,726,6,2,4,20
3426,31,3,6,5,3
3427,337,3,1,23,28
3428,183,8,6,10,29
3429,23,3,5,7,9
3430,544,4,3,6,15
3431,446,2,2,3,28
3432,74,2,0,5,13
3433,10,5,4,15,10
3434,484,2,6,19,20
3435,456,3,1,14,24
3436,566,3,4,13,13
3437,564,4,5,22,17
3438,660,5,2,11,7
3439,160,5,6,11,28
3440,882,4,0,15,6
3441,14,4,6,14,13
3442,178,5,3,12,28
3443,412,3,4,10,17
3444,878,4,3,16,15
3445,53,4,5,20,4
3446,408,4,0,14,28
3447,847,2,4,13,15
3448,22,6,5,9,14
3449,30,3,3,11,21
3450,703,5,3,15,11
3451,260,7,4,14,24
3452,205,2,0,9,4
3453,59,5,3,3,3
3454,471,4,2,22,2
3455,776,7,5,8,20
3456,466,5,4,20,27
3457,12,9,1,19,10
3458,631,4,1,8,13
3459,927,6,0,20,20
3460,974,7,2,23,29
3461,290,4,3,19,26
3462,850,5,1,10,21
3463,760,4,0,10,29
3464,354,5,5,6,23
3465,639,3,2,20,25
3466,75,9,2,9,18
3467,873,4,6,3,21
3468,716,3,0,4,16
3469,561,7,0,4,11
3470,591,3,6,10,10
3471,441,4,3,8,9
3472,991,4,0,15,12
3473,241,2,6,8,29
3474,861,3,3,21,19
3475,154,7,3,3,1
3476,786,3,4,1,18
3477,96,2,2,13,14
3478,726,7,5,2,22
3479,294,4,2,17,21
3480,209,4,2,20,1
3481,343,5,4,5,17
3482,88,4,3,10,11
3483,818,2,3,20,20
3484,776,8,0,17,28
3485,937,9,4,11,15
3486,390,3,0,4,4
3487,325,3,4,8,15
3488,940,7,0,19,22
3489,889,3,1,17,22
3490,832,4,6,18,26
3491,157,2,2,2,14
3492,668,2,2,8,22
3493,651,3,5,3,1
3494,633,6,6,16,26
3495,577,3,3,16,9
3496,619,5,5,22,27
3497,659,7,1,22,7
3498,137,3,5,1,23
3499,923,4,2,8,11
3500,674,2,3,8,23
3501,428,4,1,4,2
3502,452,3,2,14,2
3503,612,5,6,14,6
3504,850,6,0,2,23
3505,911,5,4,18,19
3506,819,5,1,2,29
3507,141,6,3,5,20
3508,83,4,5,3,14
3509,177,3,6,23,28
3510,198,4,5,12,3
3511,624,3,1,12,7
3512,568,3,6,10,7
3513,972,2,3,4,4
3514,691,4,1,0,29
3515,421,3,3,8,23
3516,401,7,5,16,5
3517,698,4,2,21,17
3518,471,5,6,0,26
3519,218,5,0,2,4
3520,925,3,2,14,23
3521,929,7,0,20,13
3522,828,8,5,22,16
3523,987,6,6,9,16
3524,729,3,2,7,2
3525,632,6,2,11,18
3526,951,3,1,21,1
3527,906,6,4,14,18
3528,175,3,5,8,26
3529,23,4,3,23,8
3530,725,6,5,9,11
3531,917,7,3,19,24
3532,235,4,6,8,24
3533,13,5,3,14,15
3534,101,5,0,22,16
3535,929,8,3,20,17
3536,536,4,3,20,17
3537,876,5,1,0,12
3538,523,4,2,1,10
3539,785,2,5,18,20
3540,452,4,5,13,6
3541,431,4,6,7,8
3542,793,5,6,5,13
3543,606,1,3,11,2
3544,713,4,4,14,29
3545,533,7,5,13,19
3546,852,5,6,20,22
3547,979,2,3,0,10
3548,723,3,6,10,4
3549,652,2,0,2,12
3550,293,6,0,18,18
3551,810,2,6,17,7
3552,913,5,0,19,20
3553,101,6,6,1,24
3554,502,3,3,6,24
3555,304,5,1,7,23
3556,871,5,4,18,26
3557,540,4,3,21,25
3558,553,5,1,14,4
3559,355,2,1,9,7
3560,303,7,5,21,10
3561,496,1,3,0,26
3562,658,6,3,5,15
3563,768,5,6,12,12
3564,974,8,1,13,1
3565,227,8,1,2,20
3566,236,3,1,10,18
3567,873,5,6,2,25
3568,892,6,5,18,16
3569,455,8,3,9,5
3570,13,6,1,14,19
3571,210,6,0,10,4
3572,741,4,3,14,6
3573,397,7,6,23,26
3574,100,2,5,12,17
3575,31,4,0,4,7
3576,898,1,6,3,24
3577,528,2,2,12,23
3578,649,3,3,8,7
3579,329,5,2,16,9
3580,166,3,6,1,13
3581,459,6,6,23,20
3582,822,9,6,4,14
3583,952,5,1,15,16
3584,982,4,5,6,23
3585,993,3,1,0,9
3586,100,3,5,11,15
3587,621,4,4,20,5
3588,855,3,1,10,18
3589,173,5,2,11,21
3590,749,5,5,18,20
3591,162,7,1,11,8
3592,905,6,3,11,15
3593,728,4,6,13,21
3594,776,9,5,1,25
3595,263,4,5,1,9
3596,804,4,1,3,19
3597,274,3,4,19,29
3598,3,4,1,22,26
3599,28,3,2,15,22
3600,326,3,2,9,6
3601,940,8,5,12,4
3602,149,7,5,1,11
3603,540,5,1,2,29
3604,488,4,2,18,10
3605,822,10,2,5,3
3606,438,3,4,18,1
3607,65,5,3,20,12
3608,356,6,4,19,23
3609,533,8,0,18,15
3610,252,1,6,7,15
3611,235,5,4,13,21
3612,227,9,1,9,14
3613,525,2,3,2,26
3614,313,8,1,5,7
3615,49,6,6,14,17
3616,118,5,0,22,24
3617,54,3,3,22,19
3618,650,4,5,17,7
3619,565,2,2,13,28
3620,44,4,4,18,3
3621,815,5,1,9,3
3622,53,5,0,14,26
3623,586,4,2,3,25
3624,558,6,4,22,29
3625,525,3,2,1,18
3626,677,2,4,2,20
3627,102,8,5,6,22
3628,792,3,3,22,14
3629,770,7,2,15,3
3630,982,5,2,9,28
3631,849,6,2,18,26
3632,868,2,3,16,26
3633,398,2,0,18,7
3634,138,3,4,4,7
3635,675,4,5,22,5
3636,921,9,2,19,3
3637,387,5,6,12,18
3638,111,5,3,12,15
3639,614,4,0,10,20
3640,17,8,4,10,14
3641,780,3,3,15,29
3642,182,5,5,14,4
3643,884,3,5,16,27
3644,536,5,4,21,24
3645,541,3,2,17,8
3646,171,2,5,18,29
3647,409,1,0,3,21
3648,740,5,3,21,13
3649,378,6,0,21,22
3650,188,9,2,22,8
3651,858,1,0,4,15
3652,230,2,0,6,17
3653,833,6,1,1,5
3654,852,6,0,0,20
3655,119,6,4,11,4
3656,156,8,3,9,11
3657,784,2,1,7,18
3658,687,7,3,0,10
3659,465,4,3,11,17
3660,104,6,2,1,15
3661,604,6,2,9,6
3662,698,5,1,21,23
3663,972,3,5,16,21
3664,795,2,6,2,16
3665,502,4,2,6,15
3666,693,7,6,11,8
3667,682,2,2,7,9
3668,699,1,2,19,11
3669,175,4,3,11,27
3670,734,4,1,2,2
3671,745,3,3,16,27
3672,674,3,4,8,13
3673,421,4,3,9,4
3674,134,2,6,21,27
3675,391,5,6,5,9
3676,992,3,4,0,5
3677,736,6,0,21,19
3678,501,5,0,11,22
3679,665,5,4,4,3
3680,33,2,4,12,21
3681,55,6,3,14,3
3682,954,3,4,21,6
3683,519,4,1,10,28
3684,756,1,0,7,10
3685,825,5,0,4,5
3686,638,5,5,1,25
3687,12,10,4,11,3
3688,528,3,2,1,22
3689,720,3,2,15,24
3690,555,2,4,20,7
3691,373,2,1,2,22
3692,484,3,2,9,18
3693,973,8,5,18,23
3694,647,3,6,7,8
3695,228,4,4,6,1
3696,623,5,1,0,25
3697,307,4,1,11,4
3698,457,3,3,4,24
3699,160,6,1,15,26
3700,331,2,2,3,7
3701,776,10,6,16,14
3702,225,2,2,23,13
3703,983,5,4,20,10
3704,729,4,6,1,23
3705,504,3,4,11,18
3706,456,4,1,0,1
3707,45,2,5,11,4
3708,214,5,0,11,28
3709,59,6,6,11,16
3710,644,4,3,18,16
3711,616,2,0,16,18
3712,195,3,1,19,8
3713,925,4,1,23,10
3714,489,5,0,23,16
3715,157,3,3,10,23
3716,610,7,6,12,24
3717,226,8,6,7,11
3718,412,4,0,9,6
3719,205,3,4,7,1
3720,79,5,2,19,29
3721,124,8,5,7,29
3722,471,6,4,8,12
3723,940,9,6,6,25
3724,218,6,2,13,6
3725,516,6,5,1,28
3726,602,9,5,10,13
3727,104,7,5,7,26
3728,393,4,1,12,17
3729,631,5,5,20,1
3730,645,4,3,14,8
3731,824,4,0,2,22
3732,608,4,6,22,8
3733,980,7,3,13,24
3734,434,3,0,14,11
3735,331,3,4,1,14
3736,143,5,4,18,24
3737,800,7,0,11,10
3738,540,6,3,19,15
3739,278,5,0,3,7
3740,233,6,5,2,7
3741,529,5,1,4,10
3742,571,8,6,2,4
3743,90,3,4,14,25
3744,492,4,6,18,28
3745,199,3,1,1,18
3746,362,4,5,11,27
3747,441,5,5,4,25
3748,26,4,4,21,10
3749,25,5,4,16,19
3750,394,2,5,13,14
3751,507,4,2,21,13
3752,301,7,6,9,15
3753,339,2,1,2,16
3754,267,4,6,3,2
3755,461,2,1,5,29
3756,693,8,2,23,4
3757,456,5,3,21,21
3758,360,6,1,15,18
3759,68,4,6,6,29
3760,863,1,0,14,17
3761,412,5,5,20,10
3762,971,5,5,19,27
3763,491,5,2,10,21
3764,833,7,1,21,9
3765,49,7,3,20,15
3766,687,8,1,0,28
3767,564,5,5,4,12
3768,102,9,4,12,21
3769,216,7,0,20,28
3770,438,4,2,13,27
3771,700,7,4,8,26
3772,569,3,6,16,9
3773,559,7,3,14,14
3774,159,6,4,20,13
3775,489,6,6,6,28
3776,686,5,4,21,26
3777,242,7,3,21,6
3778,794,7,4,11,19
3779,753,5,2,22,4
3780,882,5,5,5,20
3781,5,1,1,20,17
3782,596,4,4,15,19
3783,820,6,2,4,3
3784,361,6,1,8,29
3785,459,7,6,13,14
3786,248,3,1,7,17
3787,566,4,6,13,13
3788,673,6,4,11,9
3789,946,3,2,9,27
3790,422,4,5,19,1
3791,923,5,4,19,25
3792,738,4,6,20,17
3793,15,1,3,12,16
3794,736,7,1,18,18
3795,573,7,4,14,2
3796,122,5,6,7,14
3797,277,7,1,22,22
3798,558,7,6,20,23
3799,453,4,2,9,27
3800,390,4,0,2,17
3801,294,5,4,20,3
3802,574,4,5,2,2
3803,598,7,4,4,8
3804,446,3,1,15,25
3805,210,7,2,16,29
3806,590,4,6,5,2
3807,714,4,3,19,2
3808,302,8,5,19,26
3809,909,5,2,15,9
3810,223,7,4,23,20
3811,734,5,3,1,21
3812,3,5,2,19,29
3813,990,7,0,14,27
3814,518,1,5,17,25
3815,93,3,1,0,6
3816,520,7,2,18,26
3817,428,5,2,11,12
3818,493,4,0,7,25
3819,235,6,4,5,9
3820,620,6,6,11,7
3821,161,8,6,6,12
3822,721,3,5,17,26
3823,752,3,5,21,25
3824,331,4,1,13,5
3825,333,2,2,7,16
3826,50,3,3,23,5
3827,523,5,2,19,12
3828,863,2,6,21,24
3829,668,3,1,13,26
3830,492,5,2,4,20
3831,582,5,0,8,9
3832,681,5,6,7,23
3833,272,3,2,1,7
3834,580,5,2,15,29
3835,867,6,6,12,19
3836,252,2,3,6,20
3837,560,3,6,15,23
3838,696,4,0,6,11
3839,832,5,0,13,27
3840,699,2,2,13,21
3841,90,4,5,11,12
3842,446,4,3,0,3
3843,332,6,2,0,17
3844,139,3,6,11,7
3845,357,3,2,19,22
3846,601,3,1,20,10
3847,274,4,1,14,23
3848,19,7,5,3,15
3849,983,6,3,6,2
3850,311,6,4,15,13
3851,870,1,1,2,28
3852,886,5,4,6,4
3853,978,7,0,23,18
3854,154,8,1,21,24
3855,390,5,1,5,23
3856,260,8,3,15,1
3857,620,7,5,23,2
3858,883,4,4,7,2
3859,797,7,6,22,4
3860,571,9,1,21,3
3861,125,3,1,5,17
3862,354,6,3,9,28
3863,273,7,3,15,14
3864,619,6,5,10,2
3865,811,2,4,12,16
3866,245,3,0,5,11
3867,848,4,6,23,25
3868,450,7,5,0,13
3869,930,5,0,20,1
3870,247,2,2,18,25
3871,520,8,1,11,23
3872,141,7,4,23,2
3873,362,5,5,5,2
3874,8,6,1,17,21
3875,478,3,4,12,29
3876,352,4,4,6,5
3877,996,3,4,22,4
3878,495,4,1,12,12
3879,606,2,5,20,26
3880,833,8,6,7,26
3881,427,6,3,20,29
3882,39,8,1,16,28
3883,593,4,4,8,3
3884,187,3,5,19,20
3885,596,5,6,12,10
3886,600,1,2,1,20
3887,754,2,0,3,18
3888,854,4,4,1,21
3889,93,4,2,3,21
3890,86,5,3,17,21
3891,44,5,6,4,27
3892,137,4,6,18,27
3893,421,5,4,9,10
3894,74,3,6,17,1
3895,548,5,2,20,6
3896,613,5,4,9,11
3897,988,7,1,4,2
3898,512,3,5,16,7
3899,156,9,2,21,20
3900,938,4,5,12,21
3901,255,2,1,22,21
3902,171,3,1,16,21
3903,981,5,5,8,18
3904,728,5,2,23,21
3905,170,5,5,11,19
3906,764,5,5,13,4
3907,872,3,0,13,13
3908,322,2,2,7,18
3909,567,4,0,22,20
3910,456,6,4,4,29
3911,944,7,6,18,25
3912,603,2,5,13,24
3913,790,2,4,8,13
3914,613,6,2,6,27
3915,155,3,5,7,28
3916,889,4,6,13,19
3917,349,7,4,21,17
3918,451,3,3,13,1
3919,876,6,1,10,6
3920,653,4,5,13,19
3921,173,6,6,20,20
3922,10,6,1,7,1
3923,740,6,0,2,8
3924,265,4,4,22,17
3925,438,5,0,17,21
3926,760,5,6,2,22
3927,247,3,5,12,15
3928,667,4,1,11,18
3929,546,4,1,14,7
3930,499,4,4,17,16
3931,129,6,5,4,7
3932,672,7,3,6,17
3933,601,4,3,10,4
3934,605,6,4,10,12
3935,327,5,5,14,13
3936,753,6,4,9,4
3937,835,5,5,14,21
3938,980,8,6,12,1
3939,404,3,6,13,1
3940,629,8,0,16,7
3941,606,3,4,12,9
3942,675,5,5,9,1
3943,611,3,3,0,16
3944,625,4,5,0,18
3945,359,6,6,14,22
3946,603,3,5,15,15
3947,858,2,4,11,6
3948,718,3,0,23,2
3949,17,9,0,5,9
3950,274,5,0,5,4
3951,685,7,0,11,13
3952,116,4,6,14,23
3953,861,4,2,3,22
3954,980,9,4,23,11
3955,693,9,1,3,13
3956,91,2,4,1,11
3957,82,5,2,23,19
3958,324,7,0,11,8
3959,961,1,2,6,7
3960,114,6,3,19,25
3961,769,4,3,8,16
3962,58,3,6,8,3
3963,154,9,4,7,17
3964,877,5,4,13,18
3965,404,4,1,0,28
3966,628,5,6,22,27
3967,855,4,1,20,15
3968,266,4,3,22,28
3969,315,1,0,11,17
3970,715,4,2,1,11
3971,41,7,1,12,5
3972,105,3,5,3,16
3973,901,4,1,19,15
3974,890,2,0,17,10
3975,193,3,0,18,14
3976,401,8,4,15,2
3977,278,6,2,13,16
3978,354,7,0,7,19
3979,749,6,6,11,8
3980,937,10,1,8,15
3981,733,4,1,5,10
3982,580,6,3,17,5
3983,709,3,0,1,20
3984,256,3,5,22,16
3985,651,4,4,7,21
3986,824,5,2,23,26
3987,947,7,5,13,22
3988,661,7,4,5,12
3989,99,5,1,9,23
3990,588,7,5,7,13
3991,282,2,4,16,9
3992,883,5,1,11,17
3993,403,2,1,16,20
3994,109,7,1,12,28
3995,700,8,1,18,12
3996,199,4,6,11,25
3997,303,8,1,15,5
3998,327,6,3,4,24
3999,154,10,5,15,12
4000,552,4,4,5,1
4001,645,5,3,10,20
4002,405,5,6,16,28
4003,462,2,3,22,16
4004,132,4,0,13,12
4005,791,2,0,5,9
4006,874,4,0,22,13
4007,84,11,2,10,17
4008,399,8,0,11,17
4009,754,3,4,12,4
4010,628,6,3,3,14
4011,109,8,4,6,19
4012,221,4,5,1,7
4013,904,4,0,5,27
4014,553,6,6,5,3
4015,368,2,2,17,1
4016,147,7,5,19,12
4017,112,3,6,7,15
4018,615,3,2,7,11
4019,558,8,5,7,10
4020,924,4,3,7,2
4021,494,9,4,0,26
4022,505,5,1,1,29
4023,475,3,4,11,4
4024,836,3,0,14,17
4025,890,3,6,3,17
4026,271,3,1,2,28
4027,995,5,2,13,8
4028,421,6,3,21,23
4029,897,3,3,22,14
4030,707,4,2,7,24
4031,367,3,0,12,29
4032,280,4,2,22,4
4033,283,4,5,18,6
4034,40,6,6,21,29
4035,959,5,6,4,19
4036,189,1,0,12,27
4037,164,5,1,19,29
4038,994,6,2,0,24
4039,989,5,0,15,4
4040,536,6,6,22,3
4041,536,7,1,23,20
4042,4,2,2,1,6
4043,835,6,3,6,27
4044,290,5,2,5,23
4045,953,3,4,4,7
4046,433,1,2,3,14
4047,471,7,4,1,12
4048,181,1,1,9,16
4049,248,4,2,21,20
4050,628,7,1,4,8
4051,279,5,1,17,23
4052,877,6,6,9,2
4053,581,5,0,22,13
4054,863,3,1,21,8
4055,254,5,1,14,25
4056,181,2,6,8,21
4057,830,1,6,10,20
4058,681,6,2,20,16
4059,825,6,6,16,4
4060,509,4,2,20,29
4061,761,6,3,8,16
4062,700,9,6,22,20
4063,566,5,0,15,6
4064,326,4,1,5,27
4065,357,4,0,21,4
4066,825,7,4,10,16
4067,650,5,6,22,23
4068,680,2,1,16,23
4069,391,6,0,3,21
4070,615,4,6,14,13
4071,934,7,6,0,5
4072,85,3,3,21,15
4073,317,2,3,19,26
4074,212,1,1,0,8
4075,515,6,4,8,7
4076,384,4,3,11,14
4077,691,5,3,3,7
4078,342,6,4,21,22
4079,815,6,0,12,7
4080,964,5,3,6,23
4081,988,8,2,7,26
4082,844,2,5,12,18
4083,38,3,5,10,10
4084,511,3,3,8,18
4085,420,6,0,23,14
4086,751,5,6,15,10
4087,169,2,0,9,7
4088,965,2,1,10,26
4089,909,6,2,11,7
4090,343,6,0,13,7
4091,826,5,4,18,5
4092,306,3,2,11,1
4093,542,6,5,17,14
4094,702,4,2,20,18
4095,869,4,4,16,13
4096,537,8,3,2,25
4097,112,4,4,0,8
4098,411,1,4,18,8
4099,947,8,3,3,10
4100,206,4,3,22,17
4101,185,2,3,15,6
4102,382,7,3,11,15
4103,496,2,3,20,15
4104,379,3,4,20,25
4105,47,5,1,12,16
4106,886,6,1,16,8
4107,740,7,0,7,19
4108,551,5,1,12,20
4109,528,4,5,19,15
4110,504,4,1,4,3
4111,22,7,4,17,6
4112,213,6,3,14,25
4113,310,4,3,11,8
4114,661,8,6,16,16
4115,968,4,6,14,15
4116,753,7,6,1,13
4117,272,4,4,5,26
4118,571,10,5,16,20
4119,799,1,1,15,15
4120,938,5,4,16,18
4121,202,5,0,19,13
4122,32,3,3,8,24
4123,443,6,6,4,8
4124,162,8,2,22,14
4125,767,4,0,0,28
4126,254,6,6,5,11
4127,521,6,5,23,6
4128,977,5,0,13,24
4129,651,5,4,16,25
4130,480,3,1,18,29
4131,10,7,3,0,1
4132,726,8,5,0,25
4133,505,6,5,12,2
4134,785,3,2,13,13
4135,836,4,0,5,1
4136,560,4,2,5,24
4137,436,7,1,0,24
4138,111,6,6,13,27
4139,153,5,1,2,4
4140,635,3,6,22,24
4141,917,8,2,9,23
4142,869,5,3,18,29
4143,102,10,1,18,2
4144,753,8,2,18,21
4145,833,9,0,22,26
4146,191,4,2,3,20
4147,729,5,2,19,16
4148,563,6,4,18,3
4149,804,5,1,9,17
4150,81,3,3,1,5
4151,489,7,3,3,26
4152,895,3,4,23,8
4153,88,5,6,5,12
4154,194,6,5,6,25
4155,104,8,6,15,23
4156,783,6,3,6,12
4157,96,3,2,17,27
4158,423,3,4,19,1
4159,891,8,0,21,1
4160,198,5,1,18,15
4161,1,6,1,8,17
4162,407,6,1,19,2
4163,378,7,2,9,17
4164,167,4,0,12,20
4165,509,5,4,17,26
4166,638,6,4,15,9
4167,313,9,1,21,12
4168,593,5,0,16,4
4169,418,5,0,21,13
4170,763,6,0,12,4
4171,681,7,3,11,7
4172,477,7,3,9,14
4173,73,7,1,0,27
4174,141,8,0,7,9
4175,582,6,5,20,23
4176,262,6,0,21,1
4177,340,2,4,17,1
4178,308,3,4,1,20
4179,245,4,1,15,4
4180,515,7,5,11,1
4181,337,4,0,8,22
4182,575,6,6,2,10
4183,561,8,5,21,2
4184,76,4,1,20,27
4185,880,2,4,3,21
4186,175,5,6,1,24
4187,109,9,4,7,15
4188,183,9,3,9,3
4189,192,3,1,15,25
4190,65,6,1,22,23
4191,849,7,0,10,9
4192,963,4,0,17,17
4193,474,3,3,21,21
4194,783,7,6,13,28
4195,100,4,2,7,13
4196,544,5,5,22,3
4197,864,4,2,14,4
4198,128,6,2,16,4
4199,452,5,1,20,11
4200,914,4,5,17,28
4201,369,2,1,5,7
4202,851,2,5,22,26
4203,43,5,4,13,11
4204,884,4,1,22,24
4205,419,6,1,2,11
4206,488,5,1,6,10
4207,78,3,6,14,5
4208,826,6,3,20,13
4209,801,4,1,23,29
4210,270,5,0,15,12
4211,674,4,0,15,10
4212,701,6,5,7,7
4213,759,5,4,6,19
4214,900,4,3,5,19
4215,728,6,6,1,19
4216,315,2,5,21,12
4217,925,5,0,12,20
4218,851,3,3,11,22
4219,902,4,3,14,15
4220,889,5,4,8,5
4221,993,4,3,1,24
4222,945,4,1,16,14
4223,168,4,3,4,12
4224,339,3,4,10,29
4225,193,4,5,21,21
4226,453,5,4,18,11
4227,283,5,6,23,28
4228,336,6,4,6,5
4229,390,6,0,1,16
4230,1000,2,1,15,26
4231,525,4,0,11,18
4232,240,2,5,22,12
4233,832,6,2,14,27
4234,958,6,5,0,27
4235,483,8,1,12,5
4236,659,8,3,22,16
4237,716,4,4,5,12
4238,592,4,2,12,23
4239,891,9,1,17,2
4240,555,3,0,2,29
4241,458,2,4,0,6
4242,89,5,5,14,23
4243,660,6,0,12,21
4244,95,2,1,4,25
4245,452,6,1,12,4
4246,428,6,5,21,13
4247,151,3,2,4,10
4248,514,5,5,18,17
4249,376,6,3,20,14
4250,22,8,0,23,24
4251,883,6,2,17,15
4252,313,10,4,20,8
4253,997,4,6,21,23
4254,840,7,3,9,24
4255,519,5,2,23,18
4256,206,5,6,7,3
4257,952,6,6,14,25
4258,375,6,0,20,17
4259,451,4,1,19,24
4260,626,3,4,22,24
4261,784,3,5,21,7
4262,595,1,0,3,13
4263,179,3,3,1,27
4264,210,8,6,23,16
4265,500,8,3,5,5
4266,464,1,6,2,4
4267,840,8,1,6,26
4268,124,9,1,9,10
4269,993,5,4,22,13
4270,113,9,5,5,10
4271,12,11,4,15,14
4272,126,4,1,1,26
4273,565,3,1,23,22
4274,331,5,3,16,12
4275,901,5,1,12,27
4276,283,6,2,0,1
4277,140,3,6,5,29
4278,401,9,0,4,21
4279,902,5,1,12,20
4280,97,3,4,22,20
4281,517,9,5,17,7
4282,569,4,6,11,9
4283,924,5,6,6,8
4284,846,4,5,14,27
4285,69,4,5,2,13
4286,118,6,6,15,14
4287,888,8,2,0,12
4288,59,7,4,15,8
4289,33,3,2,23,21
4290,318,9,1,11,22
4291,50,4,0,18,18
4292,880,3,5,7,16
4293,489,8,4,22,29
4294,19,8,5,11,11
4295,726,9,2,14,16
4296,197,1,3,1,14
4297,891,10,1,16,3
4298,450,8,0,6,21
4299,990,8,1,12,2
4300,559,8,3,0,3
4301,679,4,0,5,4
4302,452,7,3,12,22
4303,289,6,1,10,5
4304,141,9,2,9,10
4305,84,12,6,15,20
4306,694,1,1,23,29
4307,391,7,1,22,2
4308,591,4,1,19,12
4309,215,3,4,16,27
4310,526,7,3,16,5
4311,215,4,3,3,5
4312,403,3,5,4,27
4313,128,7,3,22,23
4314,822,11,5,13,1
4315,477,8,4,19,4
4316,760,6,2,9,27
4317,404,5,5,13,21
4318,29,6,1,0,24
4319,792,4,2,10,12
4320,338,4,6,22,12
4321,831,6,4,17,16
4322,714,5,3,15,24
4323,361,7,5,17,17
4324,569,5,1,7,21
4325,392,4,0,9,10
4326,218,7,6,9,17
4327,574,5,0,4,17
4328,669,5,2,9,18
4329,202,6,3,17,2
4330,17,10,0,20,25
4331,322,3,2,23,4
4332,518,2,4,5,19
4333,570,3,2,2,11
4334,325,4,6,7,17
4335,412,6,2,8,12
4336,318,10,6,4,2
4337,681,8,2,1,6
4338,965,3,1,1,9
4339,82,6,2,6,5
4340,474,4,5,16,20
4341,468,2,2,9,29
4342,425,5,1,11,21
4343,945,5,1,1,9
4344,731,6,4,9,28
4345,689,7,6,19,29
4346,204,4,3,0,23
4347,583,3,0,3,8
4348,387,6,0,12,20
4349,778,6,2,11,27
4350,98,4,4,10,8
4351,345,6,2,9,22
4352,803,7,0,14,21
4353,208,4,6,4,29
4354,514,6,6,16,28
4355,636,2,6,4,23
4356,792,5,1,1,6
4357,586,5,3,8,3
4358,166,4,4,5,5
4359,22,9,1,17,9
4360,154,11,3,13,7
4361,939,5,4,18,28
4362,439,2,4,13,4
4363,295,5,0,7,7
4364,219,2,1,16,5
4365,669,6,4,2,11
4366,495,5,5,9,29
4367,230,3,6,16,15
4368,20,7,4,10,2
4369,987,7,3,7,13
4370,553,7,0,0,22
4371,950,2,2,12,16
4372,148,6,6,20,7
4373,108,6,0,3,8
4374,403,4,2,6,6
4375,596,6,1,13,24
4376,483,9,1,4,7
4377,367,4,4,23,18
4378,834,1,5,10,22
4379,414,7,1,16,25
4380,309,3,4,4,28
4381,802,5,6,19,22
4382,918,4,0,2,20
4383,835,7,1,4,7
4384,134,3,0,14,3
4385,719,2,0,18,5
4386,283,7,5,15,1
4387,778,7,1,7,15
4388,73,8,0,12,26
4389,481,3,5,15,3
4390,352,5,5,2,8
4391,560,5,1,0,25
4392,326,5,5,8,9
4393,745,4,1,8,15
4394,443,7,1,21,10
4395,100,5,2,16,2
4396,59,8,0,23,20
4397,508,4,3,1,5
4398,258,3,1,8,19
4399,413,2,0,23,13
4400,452,8,6,18,11
4401,65,7,5,12,1
4402,595,2,4,4,22
4403,154,12,1,8,15
4404,985,5,5,12,26
4405,266,5,5,0,18
4406,821,4,5,14,16
4407,79,6,5,3,9
4408,315,3,5,3,1
4409,662,8,1,19,11
4410,947,9,6,9,9
4411,560,6,3,5,23
4412,917,9,2,23,11
4413,891,11,5,11,13
4414,248,5,5,19,26
4415,790,3,2,15,2
4416,868,3,6,2,14
4417,610,8,6,13,6
4418,414,8,1,0,8
4419,25,6,0,9,18
4420,284,5,4,14,16
4421,449,6,4,6,21
4422,881,8,0,3,29
4423,301,8,1,13,12
4424,68,5,4,23,11
4425,7,7,6,15,6
4426,817,7,2,13,3
4427,137,5,0,2,14
4428,164,6,6,16,28
4429,83,5,3,20,2
4430,897,4,1,13,11
4431,650,6,0,17,22
4432,420,7,4,2,3
4433,73,9,1,21,18
4434,237,4,2,18,1
4435,46,3,1,2,24
4436,618,5,1,11,1
4437,928,4,2,21,12
4438,800,8,5,4,15
4439,262,7,2,9,5
4440,176,3,6,8,27
4441,166,5,1,0,6
4442,657,5,2,12,16
4443,842,4,5,2,27
4444,370,4,6,18,12
4445,795,3,0,10,12
4446,54,4,2,15,3
4447,690,6,2,5,23
4448,419,7,1,23,2
4449,756,2,6,2,7
4450,507,5,0,18,2
4451,341,5,3,5,21
4452,127,6,3,7,7
4453,409,2,4,21,11
4454,924,6,2,12,11
4455,367,5,2,11,14
4456,271,4,0,9,3
4457,644,5,5,2,14
4458,605,7,3,3,11
4459,379,4,4,0,4
4460,73,10,0,12,17
4461,923,6,2,23,16
4462,922,4,3,3,3
4463,915,9,6,21,25
4464,248,6,4,10,10
4465,860,3,1,18,21
4466,785,4,3,10,15
4467,43,6,4,11,8
4468,377,5,0,10,18
4469,41,8,1,5,3
4470,170,6,4,11,7
4471,946,4,4,8,10
4472,212,2,2,9,20
4473,493,5,5,2,9
4474,680,3,3,2,14
4475,39,9,2,19,23
4476,369,3,6,22,14
4477,757,5,1,15,11
4478,151,4,5,2,28
4479,111,7,4,9,1
4480,480,4,2,23,4
4481,436,8,5,10,26
4482,47,6,6,7,27
4483,575,7,3,5,6
4484,737,5,6,19,22
4485,366,5,1,10,26
4486,69,5,0,20,22
4487,299,1,2,11,5
4488,944,8,1,15,3
4489,802,6,0,17,2
4490,296,4,2,12,3
4491,203,4,1,21,9
4492,61,3,6,2,19
4493,946,5,1,14,19
4494,963,5,5,21,17
4495,830,2,6,20,18
4496,314,6,2,13,11
4497,161,9,1,17,12
4498,331,6,4,13,3
4499,528,5,2,4,18
4500,338,5,1,20,24
4501,606,4,5,13,6
4502,304,6,0,7,7
4503,503,1,0,22,1
4504,650,7,4,14,6
4505,338,6,2,14,18
4506,550,5,5,18,13
4507,639,4,1,19,22
4508,275,3,1,5,19
4509,164,7,0,18,7
4510,443,8,5,7,19
4511,319,3,6,5,9
4512,589,5,4,19,3
4513,504,5,0,22,23
4514,686,6,0,14,12
4515,387,7,4,2,20
4516,970,4,2,9,24
4517,870,2,1,14,18
4518,833,10,2,23,8
4519,888,9,5,15,9
4520,603,4,6,16,13
4521,750,2,3,18,8
4522,776,11,3,10,22
4523,691,6,3,15,10
4524,494,10,4,4,17
4525,490,6,0,4,7
4526,721,4,6,13,17
4527,73,11,2,17,23
4528,509,6,1,7,18
4529,390,7,3,4,24
4530,619,7,2,6,2
4531,857,4,3,15,3
4532,295,6,6,22,29
4533,369,4,3,13,28
4534,956,8,1,4,19
4535,796,4,5,23,1
4536,865,3,5,8,21
4537,694,2,6,3,21
4538,549,6,5,3,10
4539,649,4,4,15,21
4540,850,7,0,23,14
4541,568,4,4,16,13
4542,187,4,2,14,9
4543,853,5,4,3,6
4544,770,8,2,5,6
4545,445,6,2,15,19
4546,570,4,0,3,21
4547,363,6,1,5,10
4548,123,2,6,4,23
4549,188,10,0,15,3
4550,742,3,6,15,18
4551,680,4,5,9,21
4552,420,8,5,8,19
4553,626,4,4,3,5
4554,252,3,2,13,25
4555,619,8,3,3,11
4556,549,7,3,11,10
4557,335,4,6,23,17
4558,92,5,2,9,4
4559,530,3,6,3,26
4560,866,9,0,17,21
4561,63,6,1,12,18
4562,662,9,0,12,28
4563,512,4,2,13,18
4564,139,4,2,17,1
4565,698,6,1,0,14
4566,185,3,6,20,8
4567,205,4,4,15,2
4568,772,7,4,14,19
4569,214,6,1,21,15
4570,256,4,4,4,28
4571,135,1,3,5,2
4572,573,8,4,5,4
4573,875,3,4,2,1
4574,822,12,4,15,19
4575,88,6,3,11,21
4576,836,5,6,3,10
4577,988,9,4,0,1
4578,207,3,5,3,20
4579,129,7,3,0,22
4580,823,4,1,20,15
4581,3,6,0,7,4
4582,974,9,1,23,7
4583,934,8,0,4,7
4584,754,4,1,1,22
4585,121,2,5,11,25
4586,385,4,0,21,18
4587,614,5,0,16,13
4588,38,4,2,6,10
4589,341,6,0,10,24
4590,925,6,0,3,8
4591,645,6,2,4,27
4592,714,6,4,5,10
4593,860,4,4,10,14
4594,21,6,2,0,14
4595,242,8,3,9,27
4596,455,9,0,19,20
4597,963,6,0,23,22
4598,621,5,2,20,11
4599,303,9,2,10,6
4600,596,7,3,23,21
4601,595,3,5,16,1
4602,803,8,4,7,19
4603,964,6,1,12,7
4604,69,6,5,19,24
4605,129,8,6,17,18
4606,196,6,4,21,3
4607,140,4,0,15,20
4608,444,2,6,1,11
4609,283,8,5,4,5
4610,312,4,2,17,19
4611,746,4,3,2,21
4612,535,3,4,21,24
4613,665,6,3,16,24
4614,277,8,6,15,2
4615,61,4,4,5,22
4616,319,4,5,18,4
4617,890,4,0,6,25
4618,52,1,1,17,10
4619,856,6,3,13,2
4620,153,6,3,5,8
4621,749,7,1,7,1
4622,311,7,3,14,27
4623,814,6,3,14,6
4624,544,6,4,14,11
4625,567,5,4,15,27
4626,864,5,1,0,28
4627,389,2,6,10,10
4628,548,6,0,4,13
4629,622,4,5,4,1
4630,177,4,5,20,2
4631,362,6,6,5,3
4632,314,7,3,1,9
4633,807,6,0,5,5
4634,848,5,1,13,10
4635,97,4,6,10,10
4636,881,9,1,3,12
4637,213,7,4,23,18
4638,829,2,3,8,26
4639,137,6,2,23,21
4640,6,1,1,2,21
4641,109,10,6,15,1
4642,547,5,3,10,3
4643,39,10,0,3,5
4644,662,10,6,0,25
4645,425,6,4,20,26
4646,630,7,5,21,17
4647,261,7,0,15,8
4648,426,6,1,18,17
4649,87,7,1,15,9
4650,465,5,0,10,6
4651,76,5,1,7,17
4652,471,8,6,22,8
4653,976,5,3,0,21
4654,963,7,1,20,7
4655,414,9,4,8,7
4656,825,8,3,11,15
4657,895,4,6,21,7
4658,726,10,2,7,22
4659,457,4,1,16,27
4660,285,6,1,9,8
4661,239,4,4,6,9
4662,677,3,6,18,28
4663,599,4,4,5,15
4664,653,5,5,20,2
4665,672,8,6,23,7
4666,558,9,0,23,15
4667,372,3,0,18,18
4668,495,6,0,17,22
4669,624,4,4,14,18
4670,919,4,0,1,10
4671,45,3,6,13,22
4672,401,10,0,20,18
4673,247,4,2,9,1
4674,616,3,0,15,7
4675,597,3,1,6,3
4676,450,9,5,7,14
4677,485,7,4,9,12
4678,646,6,3,14,14
4679,620,8,5,7,29
4680,18,2,2,12,4
4681,606,5,4,11,13
4682,662,11,6,7,16
4683,758,5,4,14,16
4684,289,7,1,11,22
4685,414,10,6,10,5
4686,721,5,5,18,20
4687,638,7,5,13,25
4688,235,7,0,17,6
4689,416,5,6,12,6
4690,938,6,1,3,18
4691,499,5,0,16,6
4692,974,10,0,18,7
4693,634,3,4,8,24
4694,650,8,5,22,24
4695,115,4,0,6,16
4696,932,3,2,0,9
4697,674,5,2,6,26
4698,713,5,5,6,27
4699,234,3,2,19,13
4700,540,7,4,6,12
4701,11,4,1,7,19
4702,206,6,3,15,26
4703,679,5,0,2,23
4704,247,5,3,12,23
4705,559,9,1,9,1
4706,758,6,1,17,8
4707,127,7,4,6,4
4708,147,8,2,20,21
4709,118,7,2,20,22
4710,911,6,1,4,19
4711,382,8,4,22,21
4712,412,7,4,23,26
4713,664,10,5,21,5
4714,584,9,6,6,17
4715,363,7,0,21,3
4716,509,7,6,16,19
4717,137,7,2,3,1
4718,175,6,1,23,29
4719,289,8,5,22,23
4720,958,7,3,15,1
4721,481,4,2,18,23
4722,19,9,0,9,20
4723,195,4,4,2,9
4724,330,4,1,2,23
4725,936,9,2,16,5
4726,175,7,3,9,7
4727,449,7,0,16,25
4728,925,7,0,21,26
4729,946,6,5,16,6
4730,354,8,2,20,17
4731,499,6,3,3,22
4732,141,10,0,20,17
4733,758,7,1,22,13
4734,897,5,0,5,12
4735,930,6,3,11,4
4736,93,5,4,21,8
4737,944,9,4,19,5
4738,239,5,5,16,5
4739,205,5,2,16,13
4740,560,7,3,9,26
4741,433,2,5,6,11
4742,245,5,6,15,8
4743,832,7,0,12,8
4744,317,3,6,2,1
4745,925,8,0,1,13
4746,295,7,4,15,29
4747,640,4,5,5,5
4748,856,7,4,5,28
4749,282,3,1,12,21
4750,17,11,6,6,8
4751,71,1,6,4,17
4752,269,2,4,23,23
4753,325,5,1,6,23
4754,794,8,0,1,13
4755,305,7,5,16,9
4756,451,5,1,12,2
4757,7,8,5,20,19
4758,314,8,6,20,20
4759,817,8,5,15,17
4760,103,3,6,19,7
4761,821,5,1,1,26
4762,193,5,6,4,3
4763,753,9,2,17,19
4764,574,6,6,6,19
4765,529,6,4,10,24
4766,171,4,1,10,9
4767,537,9,0,21,10
4768,251,7,5,16,29
4769,765,1,3,15,14
4770,387,8,1,12,18
4771,207,4,4,21,26
4772,541,4,6,4,15
4773,629,9,5,19,26
4774,416,6,2,15,1
4775,794,9,0,21,25
4776,380,7,2,21,6
4777,144,4,3,15,15
4778,25,7,1,15,25
4779,822,13,5,13,6
4780,668,4,1,5,18
4781,73,12,4,1,1
4782,632,7,1,13,24
4783,824,6,0,15,3
4784,833,11,3,22,17
4785,93,6,2,19,16
4786,505,7,3,12,8
4787,598,8,5,14,28
4788,336,7,1,11,17
4789,425,7,5,8,8
4790,499,7,2,17,17
4791,364,9,5,20,25
4792,947,10,4,13,9
4793,630,8,3,19,12
4794,745,5,2,3,29
4795,199,5,2,7,25
4796,718,4,6,7,19
4797,413,3,2,21,4
4798,339,4,6,21,21
4799,659,9,0,15,22
4800,962,8,6,23,25
4801,937,11,3,9,29
4802,429,5,5,20,11
4803,783,8,6,16,28
4804,899,7,2,0,4
4805,139,5,3,17,14
4806,693,10,6,9,14
4807,942,5,6,20,6
4808,542,7,2,3,29
4809,57,4,4,0,17
4810,232,4,4,3,2
4811,658,7,6,3,8
4812,435,7,4,3,4
4813,384,5,1,16,10
4814,560,8,2,8,7
4815,194,7,1,18,4
4816,736,8,3,12,16
4817,648,8,1,3,14
4818,534,2,3,4,16
4819,518,3,6,12,25
4820,716,5,3,22,9
4821,751,6,3,15,4
4822,185,4,5,21,29
4823,872,4,1,4,24
4824,292,3,5,7,6
4825,335,5,6,15,1
4826,732,2,2,0,7
4827,116,5,1,22,1
4828,825,9,2,5,19
4829,49,8,2,10,8
4830,685,8,3,15,25
4831,82,7,1,4,3
4832,834,2,2,15,1
4833,333,3,4,6,1
4834,557,5,2,18,7
4835,335,6,4,0,21
4836,532,5,1,8,13
4837,960,3,6,17,1
4838,221,5,5,12,16
4839,635,4,1,14,22
4840,746,5,5,2,22
4841,733,5,5,23,14
4842,323,4,1,9,4
4843,851,4,2,8,23
4844,3,7,0,12,23
4845,694,3,2,15,12
4846,206,7,2,2,25
4847,832,8,6,21,12
4848,40,7,3,22,17
4849,59,9,3,14,21
4850,951,4,2,16,15
4851,574,7,4,13,10
4852,644,6,6,6,3
4853,507,6,5,19,23
4854,572,4,3,15,20
4855,884,5,2,20,20
4856,843,3,6,7,29
4857,122,6,0,3,12
4858,479,2,4,19,1
4859,619,9,1,23,1
4860,96,4,2,14,10
4861,859,7,6,4,18
4862,414,11,2,12,15
4863,235,8,5,5,2
4864,898,2,4,4,17
4865,62,4,3,16,8
4866,256,5,3,6,22
4867,561,9,3,5,22
4868,905,7,1,1,26
4869,348,3,6,10,26
4870,671,1,4,6,9
4871,124,10,4,21,21
4872,482,6,3,20,20
4873,317,4,3,7,11
4874,504,6,5,4,6
4875,719,3,0,17,24
4876,48,2,0,21,14
4877,409,3,2,15,1
4878,932,4,2,13,7
4879,136,3,4,11,24
4880,201,7,4,16,9
4881,250,5,1,4,11
4882,314,9,1,13,24
4883,869,6,0,5,23
4884,368,3,2,14,16
4885,429,6,0,6,19
4886,830,3,0,13,2
4887,807,7,2,17,15
4888,480,5,6,0,3
4889,314,10,1,5,4
4890,500,9,5,2,20
4891,721,6,5,4,22
4892,355,3,5,11,28
4893,485,8,2,10,7
4894,211,5,3,12,12
4895,704,9,3,15,4
4896,44,6,3,17,10
4897,541,5,4,16,6
4898,571,11,1,16,25
4899,583,4,1,10,22
4900,92,6,6,19,14
4901,265,5,6,9,3
4902,895,5,4,15,17
4903,220,7,0,1,11
4904,902,6,6,16,10
4905,925,9,5,21,26
4906,442,5,3,19,29
4907,401,11,5,9,21
4908,400,5,3,12,10
4909,727,9,5,11,10
4910,991,5,0,14,3
4911,899,8,5,6,24
4912,789,5,5,21,26
4913,576,5,2,20,15
4914,858,3,5,12,17
4915,804,6,2,11,27
4916,490,7,1,11,18
4917,485,9,4,1,19
4918,757,6,5,4,19
4919,470,2,1,1,12
4920,574,8,6,22,24
4921,938,7,6,19,5
4922,844,3,2,12,24
4923,682,3,5,2,27
4924,445,7,5,10,16
4925,269,3,0,15,15
4926,267,5,1,0,15
4927,54,5,3,18,27
4928,528,6,3,10,6
4929,520,9,0,8,12
4930,616,4,2,13,2
4931,59,10,3,8,27
4932,825,10,3,6,20
4933,40,8,6,15,9
4934,237,5,6,2,4
4935,955,7,4,18,5
4936,386,6,1,3,21
4937,606,6,2,6,26
4938,734,6,5,22,8
4939,716,6,1,11,22
4940,650,9,2,17,10
4941,300,3,3,4,7
4942,395,8,4,22,22
4943,207,5,1,22,14
4944,336,8,3,21,5
4945,593,6,2,9,16
4946,730,3,1,11,15
4947,514,7,5,7,5
4948,178,6,1,18,3
4949,396,2,3,14,23
4950,371,5,1,0,29
4951,858,4,5,2,10
4952,791,3,4,17,5
4953,658,8,4,17,23
4954,318,11,3,1,15
4955,736,9,2,4,18
4956,369,5,3,0,25
4957,384,6,4,9,8
4958,62,5,0,19,21
4959,806,5,0,9,2
4960,505,8,1,4,22
4961,239,6,5,17,8
4962,195,5,6,20,23
4963,678,5,6,14,8
4964,963,8,6,19,4
4965,222,5,1,7,19
4966,61,5,0,16,23
4967,129,9,4,11,18
4968,990,9,1,20,21
4969,685,9,6,11,29
4970,992,4,6,0,23
4971,156,10,3,3,1
4972,917,10,6,7,20
4973,378,8,5,0,15
4974,622,5,6,14,18
4975,781,9,3,17,22
4976,923,7,6,0,12
4977,868,4,5,10,1
4978,903,5,4,22,7
4979,790,4,1,1,19
4980,586,6,5,0,28
4981,999,4,3,11,1
4982,437,5,1,15,24
4983,975,5,1,21,7
4984,207,6,3,21,2
4985,388,2,0,9,7
4986,480,6,6,17,19
4987,791,4,5,14,13
4988,887,6,3,16,25
4989,838,5,4,9,24
4990,984,6,2,2,5
4991,340,3,3,20,23
4992,869,7,6,15,19
4993,340,4,6,5,1
4994,204,5,1,2,1
4995,161,10,1,8,27
4996,540,8,3,10,18
4997,392,5,2,20,24
4998,769,5,3,12,1
4999,677,4,2,17,27
5000,575,8,2,21,28
