order_id,product_id,add_to_cart_order,reordered
4001,43,17,1
4001,478,11,1
4002,64,2,0
4002,306,7,0
4002,470,12,1
4002,147,8,1
4002,234,19,0
4002,218,14,0
4003,85,18,0
4003,26,2,0
4004,113,5,0
4004,271,14,1
4004,201,8,1
4004,199,17,1
4004,309,13,1
4004,456,19,0
4004,319,6,0
4004,402,8,1
4005,317,17,1
4005,304,14,0
4005,19,16,0
4005,398,19,1
4005,264,14,0
4005,491,4,1
4005,145,17,0
4005,202,16,0
4005,260,9,1
4006,102,10,0
4006,113,4,0
4006,64,12,1
4007,408,5,0
4007,456,18,0
4007,458,17,1
4008,36,8,1
4008,307,16,0
4008,500,5,0
4008,467,13,0
4008,334,2,1
4008,150,11,0
4009,375,3,1
4009,98,7,0
4009,387,3,0
4009,355,11,1
4009,435,16,1
4009,64,11,0
4009,169,1,0
4009,190,7,1
4009,31,5,1
4010,362,9,1
4010,178,13,0
4010,451,6,1
4010,184,8,0
4011,5,1,0
4011,433,17,1
4011,391,17,0
4011,43,1,0
4011,145,3,0
4012,243,13,0
4012,168,9,0
4012,417,15,0
4012,68,4,1
4012,416,16,0
4012,143,4,1
4012,206,7,0
4012,242,15,1
4013,380,10,1
4013,382,15,1
4013,232,14,0
4014,483,10,1
4014,70,1,0
4014,279,8,1
4014,169,7,1
4014,213,3,0
4014,413,11,1
4015,88,11,0
4015,325,11,0
4015,177,11,0
4015,72,14,0
4015,369,9,1
4016,445,16,0
4016,253,10,1
4016,102,8,1
4016,83,19,1
4016,413,5,0
4016,486,18,1
4016,416,8,1
4017,305,17,1
4017,460,19,0
4017,117,3,1
4017,126,8,1
4018,320,7,0
4019,257,19,0
4019,382,12,0
4019,292,12,0
4019,84,2,1
4020,280,7,0
4020,51,12,1
4020,226,16,1
4020,48,8,0
4020,173,19,0
4020,474,13,0
4020,250,2,1
4020,396,5,0
4020,348,13,0
4021,357,2,0
4021,387,16,0
4021,383,16,1
4021,140,15,0
4021,421,19,1
4021,339,7,0
4021,240,6,1
4021,257,18,0
4021,39,9,1
4022,49,17,0
4022,424,8,0
4022,241,12,0
4022,154,6,1
4023,328,9,1
4023,197,9,0
4023,147,1,0
4023,199,1,1
4023,350,2,1
4023,373,2,0
4023,33,11,1
4023,15,5,1
4024,108,4,0
4024,276,5,0
4024,51,2,0
4024,103,7,0
4024,11,18,0
4024,264,6,1
4024,157,12,1
4025,52,3,1
4025,167,10,1
4026,341,10,1
4026,488,13,0
4026,39,15,1
4027,430,12,0
4027,312,2,1
4027,223,7,1
4027,284,14,0
4028,384,3,0
4028,96,7,1
4028,207,10,0
4028,106,6,0
4028,16,13,1
4028,126,2,0
4028,314,12,0
4028,33,8,0
4028,433,6,1
4029,62,16,1
4029,111,5,0
4029,323,3,0
4029,234,4,0
4029,29,18,1
4029,309,14,1
4030,268,1,0
4030,354,13,1
4030,272,18,0
4030,405,12,1
4030,310,15,0
4030,67,6,0
4030,135,19,0
4030,202,4,1
4031,325,10,0
4032,115,16,0
4032,272,11,1
4032,207,10,0
4032,56,11,0
4033,119,2,0
4033,51,1,0
4033,487,1,0
4033,353,19,1
4034,141,11,0
4034,447,2,0
4034,468,13,0
4034,203,7,0
4034,490,6,0
4035,386,5,0
4035,354,12,0
4035,212,14,0
4035,197,11,1
4035,145,6,0
4035,500,13,0
4035,97,6,1
4035,331,5,1
4036,64,6,0
4036,160,11,0
4037,217,9,0
4037,310,11,0
4037,315,15,1
4038,389,15,0
4038,124,17,0
4038,203,19,1
4038,212,15,0
4038,9,16,0
4038,440,8,0
4038,61,1,0
4038,316,16,1
4038,135,11,0
4039,415,3,0
4039,388,8,1
4039,366,13,0
4039,302,10,1
4039,170,7,0
4039,261,2,1
4039,77,17,0
4039,161,12,1
4039,11,3,0
4040,54,18,0
4040,340,12,1
4040,317,6,0
4041,113,6,0
4041,276,1,0
4042,86,8,1
4042,179,12,0
4042,209,11,0
4042,212,14,0
4042,14,19,0
4043,337,18,0
4043,177,4,1
4043,377,14,1
4043,419,10,1
4043,306,12,0
4043,195,13,1
4043,82,6,0
4044,431,12,1
4044,149,2,1
4044,392,16,1
4044,307,4,0
4044,450,3,0
4044,441,12,1
4044,42,17,0
4045,77,18,1
4045,154,16,0
4045,475,3,1
4045,308,15,1
4045,314,3,1
4045,433,3,0
4045,99,1,0
4045,470,19,1
4046,457,19,0
4046,203,2,1
4047,222,5,0
4047,268,18,0
4047,284,18,1
4047,58,13,0
4047,311,15,0
4047,377,3,1
4047,372,8,0
4047,33,18,0
4047,54,17,0
4048,465,18,0
4048,86,16,1
4048,84,2,1
4048,122,19,0
4049,274,14,0
4049,111,2,0
4049,10,15,1
4050,484,17,0
4050,367,2,1
4050,441,1,1
4050,315,15,0
4050,94,14,1
4051,289,10,0
4051,174,1,0
4052,153,3,0
4052,356,8,1
4052,320,6,1
4053,181,14,1
4053,320,1,0
4053,279,15,1
4053,80,17,0
4053,385,2,0
4053,332,6,0
4053,441,18,0
4053,69,15,0
4054,208,3,1
4054,401,15,0
4054,49,18,1
4055,75,8,0
4055,203,18,0
4056,12,9,0
4056,201,8,1
4056,188,19,1
4057,162,2,0
4057,455,12,0
4057,364,7,0
4058,447,18,0
4058,368,18,1
4058,63,18,0
4059,273,8,0
4059,156,2,0
4059,28,5,0
4059,188,3,1
4060,452,14,0
4060,491,17,1
4060,337,7,1
4060,486,15,0
4060,444,11,1
4060,460,14,0
4061,30,3,1
4061,263,3,0
4061,197,10,0
4061,178,11,1
4061,81,17,0
4061,21,10,1
4061,20,15,1
4062,94,9,0
4063,448,4,0
4063,307,5,0
4063,287,10,0
4063,197,1,0
4063,430,14,0
4063,40,15,1
4063,374,14,0
4063,418,7,1
4064,138,11,0
4064,371,19,0
4064,276,1,0
4065,194,6,1
4066,42,10,0
4066,197,13,1
4066,36,14,0
4066,190,4,0
4066,448,10,0
4066,193,7,1
4066,237,15,1
4067,340,1,0
4067,34,15,0
4067,255,18,1
4067,93,17,0
4067,463,10,0
4067,457,12,1
4067,249,4,0
4067,173,5,1
4068,66,9,1
4068,422,5,1
4068,320,14,1
4068,144,1,1
4068,470,14,1
4068,403,8,0
4069,338,1,0
4070,271,19,1
4070,237,3,1
4070,327,4,1
4070,44,18,0
4070,102,5,1
4070,356,15,1
4070,186,16,1
4070,78,16,0
4070,419,12,0
4071,76,3,1
4072,374,6,0
4072,206,15,0
4072,448,11,0
4072,358,12,1
4072,497,11,0
4072,238,8,1
4072,337,9,1
4073,128,7,0
4073,491,14,0
4073,406,5,0
4073,413,4,0
4073,52,11,0
4073,318,1,1
4074,298,5,0
4074,306,14,1
4074,60,14,1
4074,151,12,1
4074,446,12,1
4074,144,1,0
4074,130,18,0
4074,93,11,0
4075,395,10,1
4075,31,14,1
4075,148,15,1
4075,150,16,0
4075,163,14,0
4075,173,14,0
4076,254,17,1
4076,489,12,1
4077,430,8,1
4077,304,16,1
4077,369,12,0
4077,75,18,0
4078,278,11,0
4079,349,15,1
4079,248,9,0
4079,11,11,0
4079,239,11,1
4079,170,6,0
4079,217,10,1
4079,45,12,0
4080,464,13,1
4080,463,7,0
4080,239,9,1
4080,331,13,1
4080,69,10,0
4080,417,13,0
4080,476,17,1
4081,240,11,0
4081,105,9,1
4081,344,16,0
4081,150,10,1
4081,74,1,0
4081,158,3,0
4081,130,1,0
4081,393,12,1
4081,303,1,0
4082,157,18,0
4082,445,12,0
4082,61,18,0
4082,271,13,0
4082,17,4,0
4082,210,4,1
4082,125,7,0
4082,128,16,1
4082,224,5,1
4083,369,6,1
4083,176,5,0
4083,111,13,0
4083,183,4,0
4083,287,15,1
4083,246,1,0
4084,298,4,1
4084,69,11,1
4084,137,18,1
4084,466,11,1
4084,202,18,1
4084,382,3,0
4085,312,11,0
4085,264,17,0
4085,497,8,0
4085,317,16,0
4085,408,11,0
4085,1,16,0
4085,237,9,0
4085,212,4,0
4086,239,12,0
4086,379,11,0
4086,295,18,1
4086,18,10,0
4086,143,14,1
4086,157,7,0
4086,108,11,1
4086,434,4,0
4087,316,2,0
4087,11,17,1
4087,43,6,1
4087,157,11,0
4087,83,15,0
4087,347,9,0
4088,189,12,0
4088,450,8,0
4088,252,8,0
4088,489,8,0
4088,278,3,0
4088,144,12,1
4089,413,12,0
4089,18,6,1
4090,47,8,0
4090,253,10,1
4090,198,15,0
4090,336,11,1
4090,99,11,0
4091,172,2,1
4091,416,13,1
4091,269,5,1
4091,207,9,0
4091,467,11,0
4091,323,14,1
4091,462,1,1
4091,98,12,1
4092,80,3,1
4092,130,13,0
4092,224,3,1
4093,466,14,1
4093,268,10,0
4093,497,10,0
4093,202,15,0
4093,108,12,0
4093,469,8,0
4093,167,13,0
4093,67,2,1
4093,293,6,1
4094,413,18,0
4094,479,16,1
4094,115,18,1
4094,326,12,0
4094,239,8,1
4094,445,1,0
4094,75,5,0
4094,463,18,0
4094,211,9,1
4095,295,13,0
4095,194,15,0
4095,214,3,1
4095,444,12,1
4095,51,16,1
4095,301,16,1
4095,318,8,1
4095,91,16,0
4095,22,16,0
4096,431,14,1
4096,413,18,1
4096,451,4,0
4096,36,9,0
4096,345,3,0
4097,324,3,0
4097,215,6,0
4098,319,9,1
4098,160,12,0
4098,138,17,1
4099,378,18,1
4099,290,14,1
4099,179,4,1
4099,220,7,0
4100,232,7,1
4100,470,18,0
4100,490,18,1
4100,107,12,1
4100,2,1,0
4100,291,13,1
4100,202,11,0
4101,65,5,0
4101,61,8,1
4101,381,1,0
4101,404,18,1
4101,17,18,0
4101,418,18,1
4101,377,9,0
4102,49,16,1
4103,336,19,1
4103,500,9,1
4103,89,3,0
4103,151,2,0
4103,456,1,0
4103,421,7,1
4104,302,13,1
4104,79,13,0
4104,406,15,0
4105,27,16,0
4105,389,15,1
4105,271,7,1
4105,191,14,1
4105,94,8,0
4105,250,17,1
4105,320,17,1
4106,36,4,1
4106,294,4,0
4106,89,13,0
4106,427,5,0
4106,353,13,0
4106,117,12,1
4106,4,8,0
4107,376,6,0
4108,244,1,0
4108,34,6,0
4109,442,14,0
4109,355,7,1
4109,70,13,1
4109,346,16,0
4109,238,17,1
4109,353,13,1
4109,440,9,0
4110,342,3,0
4110,55,3,0
4110,459,11,0
4111,18,9,1
4111,178,8,1
4111,272,12,0
4111,408,7,0
4111,364,6,1
4111,191,6,0
4111,171,9,0
4112,347,2,0
4112,249,9,1
4113,109,11,1
4113,339,9,1
4113,278,1,0
4113,355,13,1
4113,345,7,0
4113,114,11,0
4113,290,13,0
4113,469,14,0
4113,347,3,0
4114,485,5,1
4114,418,14,0
4114,370,11,0
4114,166,15,0
4114,248,17,0
4114,484,8,0
4115,366,17,0
4115,336,19,1
4115,118,7,0
4115,330,9,0
4115,254,16,1
4115,169,19,1
4115,416,13,0
4115,5,5,0
4116,5,1,1
4117,125,8,1
4117,422,5,0
4117,408,4,1
4117,412,15,0
4117,475,4,1
4117,445,6,0
4118,209,6,0
4118,206,2,1
4118,442,16,1
4118,279,2,0
4118,475,10,1
4118,304,11,0
4118,52,10,0
4118,376,15,1
4118,231,17,0
4119,253,11,1
4119,411,9,0
4119,340,17,0
4119,62,8,0
4120,84,19,0
4120,28,2,0
4120,193,1,1
4120,497,15,0
4120,138,3,0
4120,416,11,0
4120,1,14,0
4120,161,12,0
4121,236,7,0
4121,39,8,1
4121,349,11,1
4121,410,5,1
4121,67,10,1
4122,17,13,1
4122,264,14,0
4122,312,1,1
4122,493,16,0
4122,320,9,0
4122,356,13,0
4122,484,4,1
4123,41,4,1
4123,302,6,0
4123,66,8,1
4123,142,3,0
4123,338,4,0
4124,356,9,0
4124,191,8,0
4124,126,3,1
4124,51,1,1
4124,490,12,0
4124,77,9,0
4125,243,2,1
4125,238,8,0
4125,71,15,1
4125,36,8,1
4125,110,18,0
4125,446,18,0
4125,433,7,0
4125,114,19,1
4126,318,6,0
4126,415,7,1
4126,297,5,0
4127,205,15,0
4127,419,2,0
4127,366,8,0
4127,439,14,1
4128,168,3,0
4128,160,11,0
4128,211,8,0
4128,311,18,0
4128,141,8,0
4128,179,3,1
4128,130,7,1
4129,27,13,1
4129,221,14,0
4129,41,12,1
4129,356,18,0
4129,74,7,0
4129,174,2,0
4129,1,4,1
4130,359,5,1
4130,141,4,0
4130,341,3,0
4130,448,16,0
4130,446,11,1
4130,340,17,0
4130,490,12,1
4130,394,12,0
4131,190,1,0
4131,225,10,0
4131,474,8,0
4132,160,17,1
4132,233,1,1
4132,69,18,1
4133,90,9,1
4133,425,10,1
4134,104,11,0
4134,163,3,0
4134,219,19,1
4134,253,2,0
4134,306,15,0
4134,223,12,0
4135,407,14,1
4135,371,6,0
4135,84,2,1
4135,39,7,1
4136,189,1,0
4137,340,2,1
4137,42,16,1
4137,368,14,0
4137,489,19,0
4138,386,8,0
4138,29,17,1
4139,262,12,1
4139,259,2,0
4140,245,8,1
4140,241,5,0
4140,138,1,1
4141,95,18,0
4142,17,10,0
4142,5,4,0
4142,312,9,0
4142,389,3,0
4142,7,19,0
4142,258,13,1
4142,444,16,0
4142,441,11,0
4142,223,12,0
4143,484,11,1
4143,491,19,1
4143,219,3,0
4143,307,12,0
4143,126,19,0
4144,84,15,0
4144,45,14,0
4144,385,13,0
4144,251,7,0
4144,327,17,1
4144,83,8,0
4144,150,6,1
4144,41,10,1
4144,447,18,1
4145,394,1,0
4145,297,8,1
4145,260,5,1
4145,145,13,0
4145,472,14,1
4145,291,13,0
4145,434,17,1
4145,320,9,1
4146,84,13,0
4146,429,15,1
4146,179,3,0
4147,303,10,1
4147,56,8,0
4147,450,15,0
4147,204,10,0
4147,31,3,1
4147,246,4,0
4148,115,17,1
4148,64,11,0
4149,389,17,0
4149,136,19,0
4149,471,3,0
4149,190,8,0
4149,166,10,0
4149,99,16,1
4149,207,5,1
4149,316,18,0
4149,330,5,0
4150,486,4,0
4150,459,10,0
4150,476,7,0
4150,397,4,1
4151,31,10,1
4151,309,15,0
4151,5,17,0
4152,306,10,0
4152,411,7,0
4152,494,14,0
4152,329,14,0
4152,34,18,1
4152,127,11,0
4153,120,4,0
4153,109,7,1
4154,162,18,0
4154,293,1,1
4154,477,2,1
4154,71,7,0
4154,166,3,0
4154,412,9,0
4155,431,9,0
4155,196,12,1
4155,498,2,1
4155,283,3,0
4155,61,7,0
4156,127,13,1
4157,87,19,1
4157,23,5,1
4157,381,5,0
4157,106,6,0
4157,256,2,0
4157,16,1,1
4158,308,18,0
4158,96,7,0
4159,360,7,0
4159,387,7,0
4159,274,13,0
4159,131,5,0
4160,287,19,1
4160,427,19,1
4161,233,7,1
4161,284,13,0
4161,220,6,1
4161,199,7,1
4162,431,8,0
4162,410,11,0
4163,32,2,0
4163,183,5,0
4163,5,10,1
4163,342,8,0
4163,179,8,0
4163,34,16,0
4163,422,9,1
4164,319,14,1
4164,205,18,0
4164,145,10,0
4165,397,17,0
4165,165,14,0
4166,39,9,1
4166,463,15,1
4166,419,7,0
4166,112,6,1
4166,453,16,0
4166,329,2,0
4167,313,5,0
4167,327,10,1
4167,464,18,1
4168,358,17,0
4168,266,17,0
4168,368,10,1
4168,409,3,0
4168,87,6,0
4168,276,11,0
4169,304,17,0
4169,94,18,0
4169,105,3,0
4170,305,3,1
4170,112,6,0
4170,292,1,0
4170,238,1,0
4170,148,7,1
4170,15,3,0
4170,338,16,1
4170,217,8,0
4170,134,10,0
4171,283,2,0
4171,380,7,1
4171,285,18,1
4171,373,13,0
4171,118,12,0
4171,290,2,0
4171,435,3,1
4171,377,5,0
4172,463,14,1
4172,301,5,0
4172,257,12,0
4172,450,5,0
4172,236,1,0
4172,79,12,1
4172,325,13,0
4173,73,13,0
4173,338,16,1
4173,406,4,1
4173,147,10,1
4173,426,6,1
4173,332,14,0
4173,206,13,1
4173,401,15,1
4173,279,8,1
4174,256,17,0
4174,487,2,1
4174,402,11,0
4174,72,13,0
4174,424,13,0
4174,463,7,0
4174,477,1,0
4174,448,13,1
4174,333,2,1
4175,443,8,1
4175,304,1,1
4175,177,16,0
4175,491,3,0
4175,82,16,0
4175,70,7,1
4176,24,19,1
4176,298,14,0
4176,59,2,1
4176,251,8,1
4176,82,1,0
4176,282,9,1
4176,83,2,0
4176,84,5,0
4177,89,6,0
4177,3,4,1
4177,100,4,0
4177,457,8,1
4177,456,18,1
4178,48,18,0
4178,106,6,0
4178,99,18,0
4178,244,10,0
4178,241,17,0
4178,271,7,0
4178,84,6,1
4179,435,15,1
4179,344,11,0
4179,163,3,0
4179,438,4,0
4179,122,9,1
4179,245,15,0
4179,324,11,1
4180,253,9,0
4180,368,19,0
4180,7,1,0
4180,261,3,0
4180,415,7,0
4180,18,6,0
4180,326,18,1
4180,216,15,1
4181,344,2,0
4181,92,8,1
4182,447,15,1
4182,435,7,1
4182,484,15,0
4182,352,16,0
4182,381,6,1
4182,49,9,0
4182,294,18,0
4182,356,7,1
4183,320,19,0
4183,55,12,1
4183,345,8,0
4184,105,18,0
4184,106,13,0
4185,114,17,0
4185,4,16,0
4185,162,6,0
4185,28,14,1
4186,307,6,0
4186,138,13,1
4186,293,16,1
4187,44,8,1
4187,75,16,0
4187,113,17,0
4187,54,12,0
4187,135,16,1
4187,375,13,0
4187,92,19,0
4187,203,19,1
4188,285,8,1
4188,460,8,1
4188,422,8,0
4188,18,14,1
4188,319,18,0
4189,433,10,0
4190,72,15,1
4190,485,11,0
4190,148,8,1
4190,24,8,0
4190,431,15,0
4191,51,11,0
4191,107,8,0
4191,307,6,1
4191,230,6,0
4191,488,18,0
4192,376,6,1
4192,28,17,1
4192,358,4,1
4192,109,11,0
4192,257,16,1
4192,182,10,0
4192,346,18,0
4192,15,4,0
4192,274,6,1
4193,167,12,0
4194,145,3,1
4194,317,8,0
4194,157,13,0
4194,185,18,1
4194,168,10,1
4194,107,15,0
4195,111,17,1
4195,218,2,0
4195,149,5,1
4195,412,18,0
4195,211,18,1
4195,180,9,0
4195,384,9,0
4195,189,12,1
4196,256,1,0
4196,41,12,1
4196,454,1,1
4196,385,15,0
4196,303,15,1
4196,5,7,0
4196,13,9,1
4197,268,13,0
4197,131,15,1
4197,305,6,1
4197,457,3,1
4197,449,5,1
4197,351,12,0
4198,382,11,0
4198,143,19,1
4198,442,12,0
4198,304,10,0
4198,272,1,1
4198,164,1,1
4199,244,14,1
4199,275,10,1
4200,39,8,0
4200,394,8,0
4200,375,15,1
4200,89,17,0
4200,447,13,1
4200,184,2,0
4201,35,19,1
4201,447,18,0
4201,43,6,0
4201,162,16,1
4201,272,2,1
4202,451,14,0
4202,113,1,0
4202,389,13,0
4202,65,19,1
4203,185,17,0
4204,296,2,1
4204,77,18,1
4204,273,6,0
4204,143,13,0
4204,472,8,0
4204,35,19,0
4204,424,5,0
4205,61,9,1
4205,375,2,1
4205,104,4,0
4205,464,4,1
4206,420,13,0
4207,221,12,1
4207,333,12,1
4207,240,9,0
4207,178,2,0
4207,347,7,1
4207,175,8,0
4208,491,7,0
4208,417,15,0
4208,233,18,1
4208,160,18,1
4208,389,4,0
4208,387,1,1
4208,244,16,0
4208,150,11,0
4208,149,13,1
4209,300,1,1
4209,462,17,1
4209,16,13,0
4209,135,7,1
4209,79,19,1
4210,138,17,1
4210,263,14,0
4210,500,12,0
4210,222,13,0
4210,37,15,0
4210,303,14,0
4211,423,6,1
4212,496,6,1
4212,360,11,1
4212,69,19,0
4212,363,5,0
4212,160,15,0
4212,239,7,0
4213,300,3,0
4213,61,7,1
4213,479,2,0
4213,232,19,1
4213,316,12,0
4213,467,14,1
4214,478,15,0
4214,472,16,0
4214,56,8,0
4214,34,11,0
4215,19,12,0
4215,273,4,0
4215,1,2,0
4215,79,17,0
4215,141,17,1
4215,221,9,0
4216,116,8,0
4216,203,6,0
4216,14,13,1
4216,439,18,1
4216,356,13,0
4216,346,8,1
4216,199,3,1
4216,213,13,0
4217,126,17,1
4217,75,17,0
4217,425,12,0
4217,54,14,1
4218,110,15,1
4218,152,15,0
4218,218,12,0
4218,12,16,0
4218,371,3,1
4218,447,8,1
4218,403,3,0
4218,23,5,0
4219,377,17,0
4219,417,16,0
4219,183,6,0
4219,367,18,0
4219,45,4,1
4219,363,8,0
4219,175,16,1
4219,98,15,0
4220,57,10,0
4220,421,14,1
4221,383,9,0
4222,405,5,0
4222,219,19,1
4223,397,6,0
4223,154,8,0
4223,113,11,1
4224,469,9,0
4224,48,12,0
4225,243,19,1
4225,122,7,1
4225,15,19,0
4225,492,14,0
4225,93,6,1
4226,79,7,0
4226,347,19,1
4226,202,18,1
4226,340,15,1
4226,25,3,0
4226,365,8,0
4227,204,19,1
4227,275,18,0
4227,282,19,1
4227,472,18,1
4228,266,11,0
4228,22,1,0
4228,380,16,0
4229,101,18,1
4229,200,15,0
4229,239,11,0
4229,9,15,1
4229,94,2,1
4229,321,10,0
4230,246,11,0
4230,359,9,0
4230,320,16,0
4230,39,11,0
4230,214,12,0
4230,210,9,0
4230,50,19,1
4230,253,4,0
4230,95,1,0
4231,375,5,0
4231,418,8,1
4231,189,18,0
4231,430,6,1
4231,321,15,0
4231,131,7,0
4231,221,12,1
4231,204,4,1
4231,361,15,0
4232,297,3,0
4232,78,15,1
4232,31,4,1
4232,244,4,0
4232,284,19,1
4232,143,16,0
4232,355,8,0
4233,355,2,0
4233,225,9,1
4233,92,14,1
4234,244,16,1
4234,476,10,0
4234,268,5,1
4234,496,3,1
4235,120,2,0
4235,304,8,0
4235,128,7,0
4235,137,16,1
4236,35,7,1
4236,310,17,1
4236,277,19,1
4236,280,5,0
4237,269,13,0
4237,239,4,1
4237,184,2,0
4237,79,13,0
4237,124,15,1
4237,210,5,0
4237,91,18,0
4238,64,8,1
4238,167,9,1
4239,327,1,0
4239,37,15,1
4239,255,19,0
4239,212,18,1
4239,353,9,0
4239,390,4,1
4239,348,14,1
4239,87,11,1
4239,156,7,0
4240,282,12,0
4240,300,12,1
4240,280,6,0
4240,220,5,0
4240,132,11,0
4240,236,15,1
4240,331,16,1
4240,55,9,1
4240,18,17,0
4241,27,19,0
4241,265,5,1
4241,313,9,0
4241,221,12,1
4241,299,17,1
4242,430,19,0
4243,486,14,1
4243,433,18,1
4243,258,7,1
4243,496,1,0
4243,67,9,1
4243,344,17,1
4243,65,6,0
4243,146,1,0
4244,245,14,0
4244,313,5,1
4244,333,9,1
4244,17,1,0
4244,171,16,0
4245,384,17,1
4245,344,9,1
4246,162,9,1
4246,61,10,1
4246,481,7,1
4247,156,8,0
4247,468,17,0
4247,279,1,0
4247,293,9,0
4247,363,3,0
4248,359,15,0
4248,217,5,0
4248,122,6,0
4248,207,17,0
4248,192,1,1
4248,126,1,0
4248,325,19,1
4248,430,8,1
4249,301,9,1
4249,500,19,0
4249,126,18,0
4249,177,13,0
4249,8,12,1
4250,461,6,0
4250,164,6,1
4250,107,12,1
4250,500,15,0
4251,334,2,0
4252,315,8,0
4253,210,11,1
4253,250,14,1
4254,322,14,0
4254,344,9,0
4254,139,18,0
4254,242,14,1
4254,329,5,1
4255,47,3,0
4255,363,14,0
4255,137,15,0
4255,367,18,0
4255,14,3,1
4256,4,18,0
4257,466,3,1
4257,259,9,1
4257,194,16,1
4258,418,16,1
4258,147,13,1
4258,486,6,1
4258,447,10,0
4258,191,9,0
4258,384,15,0
4258,403,1,0
4258,410,11,0
4259,379,4,0
4259,102,19,0
4259,333,18,0
4260,422,8,1
4260,341,3,0
4260,325,18,0
4261,263,8,0
4261,325,18,0
4261,14,14,0
4261,316,8,1
4261,417,17,1
4261,383,19,0
4262,23,7,0
4262,181,18,0
4262,284,1,0
4262,367,15,1
4262,230,11,0
4263,273,18,0
4263,195,2,1
4264,130,11,0
4264,186,12,0
4264,247,3,1
4264,187,6,1
4264,326,9,0
4264,476,2,1
4264,238,11,1
4264,469,9,1
4265,426,1,0
4265,155,1,1
4265,162,3,0
4265,313,15,0
4265,420,19,1
4265,81,14,1
4265,412,19,0
4265,387,13,0
4265,290,17,1
4266,160,9,0
4267,94,1,1
4267,131,4,1
4267,402,14,0
4268,135,2,0
4269,229,11,0
4269,366,18,0
4269,430,9,0
4270,75,4,0
4270,143,16,0
4270,159,18,0
4271,311,7,1
4271,139,12,0
4271,79,8,0
4271,411,6,0
4271,239,1,0
4271,299,1,0
4272,27,16,0
4272,39,7,0
4272,12,4,1
4272,237,19,0
4273,487,15,0
4273,178,6,0
4273,84,7,0
4273,499,9,1
4273,159,2,0
4273,341,5,0
4273,27,7,0
4273,416,7,0
4273,259,3,0
4274,114,15,0
4274,383,3,1
4274,336,3,1
4274,34,18,1
4274,493,10,0
4274,278,7,0
4275,107,7,1
4275,203,2,0
4275,265,14,1
4275,3,18,0
4275,40,12,1
4275,467,4,0
4275,174,11,0
4276,331,4,0
4276,1,3,1
4276,66,18,0
4276,342,5,1
4276,169,5,0
4276,36,5,0
4276,203,15,0
4277,257,17,1
4277,384,19,0
4277,106,8,1
4277,366,4,1
4277,431,6,0
4277,13,10,0
4277,288,15,0
4278,142,3,1
4278,154,14,1
4279,336,16,0
4279,306,18,0
4279,451,2,1
4280,323,3,0
4280,444,11,1
4280,27,3,0
4281,208,6,1
4281,408,7,0
4281,118,6,1
4281,187,19,0
4281,452,18,1
4281,447,8,1
4281,101,14,0
4281,205,2,0
4281,247,10,0
4282,265,13,1
4282,287,13,0
4282,478,14,0
4282,484,2,0
4283,284,14,0
4283,482,11,0
4283,453,14,0
4283,29,4,0
4284,166,4,1
4284,297,19,0
4284,252,12,0
4284,150,3,0
4285,4,8,0
4286,281,9,0
4286,499,19,0
4286,179,17,1
4287,231,7,0
4287,185,6,0
4287,415,6,1
4287,329,12,0
4287,136,4,0
4287,117,11,1
4287,360,1,0
4287,120,7,0
4288,197,4,1
4288,180,17,1
4288,374,18,1
4288,87,18,1
4288,315,19,1
4289,478,12,0
4289,295,14,1
4289,72,16,1
4289,99,7,0
4289,246,7,0
4289,62,5,0
4289,255,2,0
4289,426,13,1
4290,63,16,0
4290,188,16,0
4290,77,11,0
4290,402,6,0
4291,488,13,0
4291,292,15,1
4292,366,13,0
4292,74,15,1
4293,35,7,1
4293,267,9,1
4293,337,1,1
4293,286,11,0
4293,300,8,0
4294,347,16,0
4294,226,14,1
4294,7,1,1
4294,444,9,0
4294,155,17,1
4294,441,14,0
4294,149,18,0
4294,404,5,1
4294,107,7,1
4295,103,10,0
4295,478,9,0
4295,174,11,0
4295,171,19,0
4295,229,11,0
4295,368,6,0
4295,134,4,1
4296,28,3,0
4296,415,17,1
4296,354,18,1
4296,300,13,1
4296,321,19,0
4296,179,18,0
4296,156,4,0
4297,267,15,1
4297,270,6,1
4297,60,8,1
4297,232,19,0
4297,378,13,1
4297,295,7,0
4297,336,4,1
4298,54,15,1
4299,293,1,0
4300,31,14,1
4300,305,1,1
4301,269,15,0
4301,153,1,0
4301,107,3,0
4301,221,8,0
4301,252,11,1
4302,252,5,0
4303,129,2,0
4303,186,9,0
4303,7,6,1
4304,125,2,0
4304,144,13,0
4304,466,10,1
4304,332,4,0
4304,274,8,0
4305,27,14,1
4306,252,17,1
4306,306,19,0
4307,420,18,1
4307,211,5,1
4307,288,7,1
4307,274,4,1
4307,370,3,1
4308,164,1,1
4308,393,5,1
4308,239,6,0
4308,288,9,1
4308,408,1,1
4308,257,4,0
4308,285,1,0
4308,388,13,0
4309,197,10,0
4309,331,9,0
4309,439,15,1
4310,277,1,0
4310,134,14,0
4311,37,18,0
4311,406,15,0
4311,158,1,0
4311,196,12,0
4311,498,2,1
4311,236,14,0
4311,160,6,1
4311,74,16,0
4312,336,19,0
4312,158,3,0
4312,470,14,1
4312,118,12,0
4312,7,13,0
4312,29,6,0
4312,90,10,1
4312,259,7,1
4312,280,2,0
4313,303,19,1
4313,381,11,1
4313,73,5,1
4313,357,10,0
4314,243,3,0
4314,146,10,0
4314,6,10,1
4314,398,2,1
4314,491,3,0
4314,248,12,0
4314,33,14,0
4314,406,2,0
4314,384,9,0
4315,407,7,0
4315,288,2,1
4315,210,16,1
4315,300,14,1
4315,126,15,1
4315,121,18,1
4315,451,16,0
4315,149,13,1
4315,391,2,1
4316,467,9,0
4316,264,17,1
4316,388,11,0
4316,279,11,0
4316,46,10,0
4316,477,4,1
4316,378,7,0
4317,236,17,1
4317,109,6,0
4317,311,10,0
4317,235,5,1
4317,358,13,0
4317,150,12,1
4317,220,16,1
4318,261,18,1
4318,86,3,1
4318,198,9,1
4319,456,11,1
4319,220,1,0
4320,379,10,1
4320,320,11,0
4320,294,15,1
4320,372,12,1
4320,51,2,0
4320,237,5,0
4320,225,18,0
4320,427,16,0
4321,465,4,1
4321,51,5,1
4321,288,8,1
4321,250,17,0
4321,48,4,1
4322,238,15,0
4322,253,11,0
4322,159,7,0
4322,170,3,0
4322,198,5,0
4322,153,19,1
4322,242,1,0
4322,330,9,1
4323,403,19,0
4323,129,6,1
4323,181,19,1
4323,148,17,1
4323,303,18,0
4323,47,14,1
4323,201,9,0
4323,249,5,0
4324,496,12,0
4324,142,9,0
4324,248,16,1
4324,15,10,1
4325,191,9,1
4325,407,18,0
4325,353,8,1
4325,382,9,0
4325,201,6,1
4325,368,16,0
4325,148,5,1
4325,280,17,1
4326,435,5,0
4326,464,1,1
4326,9,10,0
4327,345,19,0
4327,481,1,1
4327,458,18,0
4328,447,14,1
4328,77,3,0
4329,46,6,1
4329,434,10,1
4329,471,5,0
4329,207,16,0
4329,410,7,0
4330,341,8,0
4330,494,18,1
4330,36,2,0
4330,398,5,0
4330,394,1,1
4331,490,17,1
4331,12,12,1
4332,283,13,0
4332,184,17,0
4332,348,13,0
4332,21,17,1
4332,208,18,0
4332,223,7,0
4332,499,14,0
4333,150,12,0
4333,298,8,1
4333,185,7,1
4333,217,6,0
4333,448,1,0
4333,78,11,0
4333,73,17,0
4333,423,19,0
4334,218,4,1
4335,475,4,0
4335,355,5,1
4335,382,11,0
4336,140,19,1
4336,259,6,1
4336,76,6,1
4336,428,5,0
4336,138,14,0
4336,266,9,1
4336,341,6,0
4336,328,13,0
4337,88,11,0
4338,422,3,0
4338,75,14,0
4338,491,13,1
4338,391,17,1
4339,110,2,0
4339,119,1,0
4339,285,1,1
4339,494,4,0
4339,269,16,1
4339,35,4,0
4339,83,13,1
4340,30,3,0
4340,362,12,1
4340,64,2,0
4340,179,5,0
4340,174,11,1
4340,126,10,1
4340,415,3,1
4340,486,7,0
4341,186,5,0
4341,142,9,0
4341,68,1,0
4341,455,12,1
4341,468,19,1
4342,145,2,0
4342,158,9,1
4342,182,16,1
4342,491,2,0
4342,170,6,0
4342,118,3,1
4342,383,2,1
4342,191,6,0
4342,331,2,0
4343,112,12,0
4343,150,4,0
4343,86,10,0
4343,288,1,0
4343,271,13,0
4343,137,14,0
4343,221,9,1
4344,212,19,0
4344,429,15,0
4344,219,19,0
4344,202,2,0
4344,358,11,0
4344,4,7,0
4344,27,7,0
4344,407,6,0
4344,424,15,0
4345,448,16,0
4345,366,11,0
4345,499,10,1
4345,8,15,0
4346,223,18,1
4346,44,18,1
4346,88,8,0
4346,63,1,1
4346,132,11,1
4346,377,4,1
4346,54,4,1
4347,99,9,1
4347,298,18,1
4347,15,13,1
4348,265,5,1
4348,130,15,1
4348,248,18,0
4348,276,13,1
4348,188,10,0
4349,76,15,0
4349,65,6,0
4349,466,17,1
4349,481,11,1
4349,433,7,0
4349,453,9,0
4349,397,2,0
4349,43,1,1
4350,371,15,0
4350,258,11,0
4351,192,6,1
4351,117,2,0
4351,482,12,0
4351,112,12,1
4351,110,7,0
4351,315,14,0
4351,134,4,0
4352,399,18,1
4352,425,13,1
4353,232,18,0
4353,200,2,0
4353,183,5,1
4353,292,15,1
4353,470,5,0
4353,283,6,0
4354,499,16,0
4355,169,15,0
4355,115,5,0
4355,325,16,1
4355,386,10,0
4355,378,12,0
4356,422,18,0
4356,221,13,0
4356,187,3,0
4356,365,10,0
4356,477,2,1
4356,84,12,1
4356,225,5,0
4356,153,18,0
4357,352,6,0
4357,498,18,0
4357,227,12,1
4357,302,13,0
4357,287,2,0
4357,244,14,0
4357,325,17,1
4357,247,19,1
4357,433,18,1
4358,217,1,0
4358,271,6,0
4358,144,12,0
4358,253,17,1
4358,73,19,0
4358,500,14,1
4359,119,14,0
4359,240,10,0
4359,11,4,1
4359,71,6,0
4359,364,12,1
4359,340,5,0
4359,470,13,0
4360,125,12,1
4360,109,3,0
4360,129,15,0
4360,408,13,0
4360,251,19,1
4360,309,2,0
4360,262,5,1
4361,396,19,0
4361,315,2,0
4361,325,10,0
4361,253,1,0
4361,286,1,0
4361,302,11,0
4361,494,17,0
4361,380,17,0
4362,154,12,0
4362,384,3,0
4363,95,14,0
4363,350,14,0
4363,50,14,1
4363,118,14,1
4363,51,6,0
4363,205,4,0
4363,344,18,0
4363,22,9,1
4364,42,6,0
4364,118,5,1
4364,240,13,1
4364,415,4,0
4364,431,1,0
4364,128,9,1
4364,102,4,1
4364,401,15,1
4364,494,2,1
4365,444,8,0
4365,301,4,0
4365,117,11,1
4365,161,12,0
4365,110,4,1
4365,304,15,1
4365,115,12,0
4365,227,6,0
4366,58,8,0
4366,90,4,1
4366,317,6,1
4366,66,3,0
4366,105,6,1
4366,446,19,1
4367,70,19,0
4367,411,1,0
4367,437,15,1
4367,419,14,0
4367,176,1,0
4368,153,17,0
4369,167,1,0
4369,465,4,0
4369,100,6,0
4369,477,5,0
4369,405,15,0
4369,182,15,1
4369,22,13,0
4369,202,12,1
4369,207,9,0
4370,182,16,1
4370,31,17,0
4370,146,4,0
4370,80,15,0
4371,200,10,0
4371,30,7,0
4371,114,7,0
4371,394,13,0
4372,190,15,1
4373,86,8,0
4373,121,17,1
4373,300,5,0
4373,160,17,1
4373,168,14,1
4373,41,15,1
4373,174,12,1
4374,273,16,0
4374,237,5,0
4374,298,9,0
4374,135,19,1
4375,243,13,0
4376,405,10,0
4376,72,15,0
4376,27,18,1
4377,195,10,1
4377,448,2,0
4377,91,18,0
4377,106,2,0
4377,341,9,0
4377,353,4,1
4377,138,12,1
4377,99,19,0
4377,5,9,0
4378,297,6,1
4378,254,1,1
4378,158,2,0
4378,166,9,1
4378,125,3,0
4378,12,14,0
4378,356,17,0
4378,325,7,1
4379,245,1,0
4379,272,10,0
4379,488,11,0
4379,480,11,0
4379,435,1,1
4379,172,18,0
4380,364,7,1
4380,328,6,1
4380,471,12,0
4380,165,18,0
4381,243,3,0
4381,58,15,0
4381,51,17,1
4381,476,13,0
4381,204,17,0
4381,77,6,1
4382,398,14,0
4382,335,11,1
4382,325,2,0
4383,342,4,0
4383,310,17,0
4383,45,17,0
4383,479,18,0
4383,317,9,1
4383,184,19,1
4384,488,4,1
4384,386,7,1
4384,124,4,0
4385,210,9,0
4385,251,17,0
4385,481,18,1
4385,387,17,0
4385,197,10,1
4385,405,11,0
4386,396,15,1
4387,210,8,0
4387,450,1,0
4387,69,7,1
4387,413,18,1
4387,109,18,1
4388,313,1,0
4388,165,18,0
4389,208,16,0
4389,14,16,0
4390,241,11,1
4390,108,8,0
4390,152,12,0
4390,163,17,1
4390,385,3,1
4391,47,6,1
4391,439,12,0
4392,86,9,1
4392,11,17,0
4392,98,10,0
4392,456,18,1
4392,141,12,1
4392,51,7,0
4392,19,2,0
4392,58,5,1
4393,18,1,0
4393,273,15,1
4393,482,1,1
4393,487,8,1
4393,450,12,0
4393,351,17,0
4393,83,3,1
4393,449,4,0
4393,376,3,0
4394,75,17,0
4394,377,3,1
4394,459,3,0
4394,201,16,0
4394,226,14,0
4394,133,16,0
4394,247,9,0
4394,275,12,1
4394,209,9,0
4395,441,14,1
4395,208,1,0
4396,157,12,1
4396,57,4,0
4396,220,18,0
4396,133,2,0
4396,301,11,0
4396,155,12,0
4396,330,15,0
4396,314,14,1
4396,316,13,1
4397,377,17,1
4397,28,8,0
4397,323,11,0
4397,134,8,0
4397,253,19,0
4397,322,13,0
4397,338,2,0
4398,120,15,1
4398,463,10,1
4398,280,6,1
4398,60,18,0
4398,475,7,1
4398,62,3,1
4398,328,15,0
4398,465,17,1
4398,10,12,1
4399,63,17,0
4399,84,9,0
4399,430,14,0
4399,485,9,0
4399,468,10,1
4399,257,18,1
4400,484,9,1
4400,97,8,1
4400,316,6,1
4400,14,8,1
4401,100,15,1
4401,113,19,0
4401,481,11,1
4401,90,14,0
4401,239,5,0
4401,208,2,1
4401,403,7,1
4401,108,15,1
4402,6,8,0
4402,392,19,1
4402,195,8,0
4402,194,15,0
4403,296,15,0
4403,479,9,0
4403,65,2,0
4403,138,7,0
4404,68,3,0
4404,17,10,1
4405,25,10,1
4405,470,11,0
4405,68,13,1
4405,258,7,1
4405,128,11,1
4405,170,18,1
4405,142,14,0
4405,102,7,0
4405,232,4,0
4406,261,19,0
4407,304,19,1
4407,80,14,0
4407,8,6,0
4407,354,4,0
4407,135,18,0
4408,294,7,0
4408,147,5,0
4408,109,11,1
4409,408,8,1
4409,72,5,0
4409,351,13,1
4409,452,8,1
4410,199,3,1
4410,123,11,0
4411,426,14,0
4411,16,5,0
4411,125,11,1
4412,40,13,0
4412,159,11,0
4412,129,17,0
4412,473,19,0
4412,18,15,0
4412,464,5,0
4412,116,11,0
4412,22,6,0
4413,103,8,0
4414,10,12,0
4415,399,2,0
4415,413,11,0
4415,257,11,1
4415,304,11,0
4416,311,7,0
4417,422,13,0
4417,154,6,1
4417,201,11,1
4418,395,19,0
4419,259,13,0
4419,281,10,1
4419,251,4,0
4419,320,16,0
4419,215,6,0
4419,431,13,0
4419,229,7,1
4419,77,17,0
4419,160,2,0
4420,161,2,0
4420,428,12,1
4420,95,9,1
4420,495,15,0
4420,130,13,0
4420,416,15,1
4420,133,9,1
4420,30,7,0
4420,182,2,0
4421,185,17,1
4421,2,13,1
4421,241,17,1
4421,483,5,0
4421,63,19,0
4421,228,17,0
4422,467,13,0
4422,52,19,0
4422,201,16,0
4423,326,7,1
4423,396,3,0
4423,254,5,1
4423,411,3,0
4423,315,4,0
4423,463,8,1
4423,166,16,1
4423,29,16,1
4423,471,8,1
4424,79,12,0
4424,287,5,0
4424,393,16,0
4424,411,13,1
4425,140,15,1
4426,102,12,1
4426,316,19,0
4426,418,7,0
4426,42,3,1
4426,157,16,0
4426,430,15,1
4427,281,6,0
4427,80,15,1
4427,308,13,1
4427,129,12,0
4427,245,16,0
4427,298,6,0
4428,464,14,1
4428,360,4,0
4428,10,16,0
4428,74,13,0
4428,476,14,1
4429,272,19,0
4429,432,1,1
4429,445,16,0
4429,124,4,0
4430,154,11,0
4430,74,11,0
4430,265,15,1
4430,218,18,0
4430,28,2,0
4430,456,14,1
4430,10,7,1
4431,456,11,1
4431,36,4,0
4431,21,14,1
4431,41,1,1
4431,483,13,0
4431,338,6,1
4432,207,16,0
4432,293,19,1
4432,108,9,0
4432,249,7,1
4432,243,3,1
4432,332,14,1
4432,458,17,1
4433,416,19,1
4433,484,15,0
4433,103,2,1
4433,293,14,1
4433,418,7,0
4433,92,15,0
4433,371,6,0
4433,312,6,1
4434,53,2,0
4434,46,12,0
4434,26,9,0
4434,490,15,1
4434,351,19,1
4435,133,10,0
4435,45,15,1
4435,57,7,0
4436,363,15,0
4437,225,17,1
4437,224,5,0
4437,397,11,1
4437,123,4,0
4437,494,13,0
4437,487,14,0
4438,307,12,1
4438,397,6,1
4438,92,18,0
4438,62,8,0
4438,212,3,1
4438,184,13,0
4438,25,3,0
4438,221,11,1
4438,106,6,0
4439,367,19,0
4439,138,1,1
4439,24,9,0
4439,9,10,0
4439,432,11,1
4439,167,13,0
4439,18,1,0
4440,446,11,0
4440,280,14,0
4440,125,19,0
4440,457,8,0
4440,437,7,0
4441,312,3,0
4441,210,13,0
4441,332,7,1
4441,240,1,0
4441,81,7,1
4441,434,5,0
4441,366,12,0
4441,333,6,0
4441,293,17,0
4442,48,13,1
4443,81,9,0
4443,334,13,0
4443,190,14,0
4443,133,1,0
4443,397,12,0
4443,164,13,1
4443,400,14,0
4443,247,19,0
4443,423,15,0
4444,238,3,1
4444,311,7,1
4444,377,10,1
4444,246,6,0
4444,391,13,1
4445,69,9,0
4446,179,5,0
4446,361,16,0
4446,310,5,0
4446,216,16,0
4446,318,2,0
4446,134,13,0
4446,185,1,0
4446,429,9,1
4446,233,10,0
4447,370,1,1
4447,289,6,1
4447,75,4,1
4447,150,17,0
4448,1,10,1
4448,110,2,0
4448,325,9,1
4449,222,15,1
4450,28,11,1
4450,435,13,0
4450,498,5,0
4450,463,19,0
4450,30,19,0
4450,451,10,0
4450,191,3,0
4450,140,14,0
4451,2,18,1
4452,196,3,0
4452,197,13,0
4453,181,10,0
4453,74,2,0
4453,41,3,0
4453,452,9,0
4453,290,2,1
4453,343,18,1
4454,299,13,1
4454,305,3,1
4454,490,17,1
4455,21,6,0
4455,410,6,0
4455,89,1,1
4455,372,7,1
4455,277,9,0
4456,271,18,0
4457,154,5,1
4457,481,16,0
4457,235,7,0
4457,53,2,1
4458,484,13,1
4458,179,17,1
4458,374,6,0
4458,189,7,1
4458,386,6,1
4459,426,14,1
4459,363,19,0
4459,345,2,0
4459,157,9,0
4459,406,2,0
4459,209,16,1
4460,409,18,0
4460,136,15,1
4460,138,17,0
4460,422,15,1
4460,427,12,1
4460,266,6,0
4460,164,5,0
4460,166,16,0
4461,311,6,1
4461,471,18,0
4461,431,6,1
4461,228,14,0
4462,460,11,0
4462,144,12,0
4462,272,14,0
4462,406,2,0
4462,334,7,1
4462,19,4,1
4462,79,12,0
4462,463,16,1
4463,482,10,1
4463,13,11,0
4463,113,13,1
4463,458,16,1
4463,270,2,0
4464,382,1,1
4465,477,11,0
4465,90,4,1
4466,113,5,0
4466,196,14,1
4466,316,6,1
4466,427,9,0
4466,181,11,1
4466,365,17,1
4466,362,15,0
4466,321,18,0
4466,49,5,1
4467,447,11,0
4467,453,17,1
4467,148,16,0
4467,181,3,1
4467,368,16,0
4467,193,12,1
4468,98,15,0
4468,139,6,1
4468,179,11,0
4468,29,16,0
4468,105,12,0
4468,351,10,0
4468,159,1,0
4469,98,8,1
4469,430,1,0
4469,497,3,0
4469,88,1,1
4469,304,11,0
4469,117,4,1
4470,356,3,0
4470,212,16,1
4470,124,2,0
4470,199,1,1
4470,38,15,0
4470,265,11,1
4470,321,13,1
4471,43,4,0
4471,208,8,1
4471,437,5,1
4471,21,9,0
4471,307,1,0
4472,59,12,1
4472,242,11,1
4472,358,6,0
4472,143,14,1
4473,432,7,0
4474,228,17,0
4474,43,13,1
4474,498,1,0
4474,99,10,1
4475,306,1,0
4475,9,12,0
4475,269,6,0
4475,68,3,0
4475,16,6,1
4475,286,14,0
4476,202,16,1
4476,146,3,1
4477,207,18,0
4477,288,11,0
4477,158,7,0
4477,112,7,0
4478,249,9,0
4478,52,19,1
4478,422,8,0
4478,185,6,1
4478,34,17,1
4478,270,8,0
4479,35,18,0
4479,461,12,1
4480,248,14,1
4480,316,16,0
4480,6,16,0
4480,154,7,0
4481,170,14,0
4481,283,13,0
4481,417,15,1
4481,375,14,1
4481,85,3,1
4482,440,6,0
4483,392,19,0
4483,154,6,0
4483,104,5,0
4483,259,2,0
4483,94,3,0
4483,5,13,0
4484,6,10,0
4484,218,15,1
4484,18,3,1
4485,91,12,0
4485,96,10,1
4485,466,3,1
4485,29,11,0
4485,59,10,1
4485,274,9,1
4485,481,14,0
4485,21,14,1
4486,22,12,1
4486,345,11,1
4486,347,17,0
4486,264,18,1
4486,382,8,0
4486,106,1,0
4487,443,18,0
4487,228,3,0
4487,39,14,1
4487,315,16,1
4487,393,3,1
4488,303,19,0
4488,258,15,0
4488,343,17,0
4488,222,19,1
4488,387,17,1
4489,321,14,1
4489,91,7,0
4489,253,11,0
4489,95,13,0
4489,7,17,1
4489,374,16,0
4489,330,13,1
4489,284,9,0
4489,398,18,0
4490,312,10,1
4490,282,8,1
4490,121,8,1
4490,21,14,0
4490,333,18,0
4490,386,1,0
4490,326,18,0
4490,56,1,0
4491,405,17,0
4491,297,2,1
4491,234,10,0
4491,333,14,0
4491,438,13,0
4491,265,14,0
4491,435,4,1
4491,470,10,1
4491,468,1,1
4492,23,12,1
4492,330,1,0
4492,238,17,1
4492,160,5,1
4492,202,14,1
4492,54,4,1
4493,33,16,1
4493,329,2,0
4493,430,6,0
4493,452,2,1
4493,428,7,0
4493,427,14,1
4493,287,2,0
4493,5,12,0
4493,191,3,1
4494,369,16,1
4494,68,5,0
4494,341,17,1
4494,141,15,0
4494,489,5,0
4495,119,3,0
4495,255,13,1
4495,121,13,1
4495,204,18,1
4495,116,19,0
4495,307,12,0
4495,387,5,0
4496,174,11,0
4496,131,9,1
4496,340,15,0
4496,8,13,1
4496,193,19,1
4496,492,16,1
4496,482,16,0
4497,186,10,0
4497,160,2,0
4497,25,18,1
4497,242,16,1
4498,375,1,1
4498,408,12,0
4498,349,17,1
4498,165,7,0
4498,248,11,1
4498,450,8,0
4498,433,9,1
4498,148,2,0
4499,333,4,0
4499,116,4,1
4499,253,16,0
4499,477,3,1
4499,172,19,1
4499,57,14,1
4499,86,10,0
4500,416,9,0
4500,345,7,1
4500,276,18,1
4501,227,9,0
4501,340,11,1
4502,160,18,0
4502,117,19,1
4502,81,9,0
4502,350,12,1
4502,356,5,1
4503,75,9,0
4503,451,17,1
4504,62,19,0
4504,221,15,0
4504,144,16,0
4504,17,7,0
4504,258,8,0
4504,468,15,0
4504,394,15,1
4504,383,1,1
4504,341,10,0
4505,364,10,1
4505,441,14,0
4505,230,11,0
4505,129,16,0
4505,56,3,0
4505,302,14,0
4505,474,3,0
4505,66,18,1
4505,356,18,1
4506,274,7,0
4506,480,8,0
4506,379,2,1
4506,92,2,1
4506,465,16,1
4506,30,5,1
4506,177,1,1
4506,272,17,0
4507,378,12,0
4507,485,8,0
4507,152,14,0
4507,211,1,1
4507,442,15,0
4507,10,1,0
4507,334,14,1
4507,169,18,0
4507,56,19,0
4508,499,9,1
4508,173,15,1
4508,353,19,0
4508,63,11,1
4508,389,15,0
4508,437,1,1
4508,196,9,0
4509,452,9,0
4509,465,9,0
4509,308,2,0
4509,282,11,1
4509,428,8,1
4509,445,5,1
4510,286,3,1
4510,435,11,1
4510,262,17,0
4510,251,12,0
4510,123,11,0
4511,432,14,1
4511,430,11,0
4511,198,7,0
4511,403,17,0
4511,296,16,1
4511,341,12,0
4511,304,8,1
4512,257,2,0
4512,482,19,0
4513,261,3,1
4513,140,6,0
4513,201,15,1
4513,317,10,1
4513,425,16,1
4513,481,14,1
4513,10,11,1
4513,349,18,0
4513,453,6,0
4514,293,13,1
4514,498,1,0
4514,469,8,1
4514,203,3,0
4514,327,5,0
4514,140,16,0
4515,412,4,1
4515,330,17,1
4515,252,12,1
4516,153,13,0
4516,452,16,0
4516,206,14,1
4516,402,13,1
4517,259,4,1
4517,131,2,1
4517,461,8,0
4517,27,4,0
4517,391,17,1
4517,76,1,0
4517,491,2,0
4517,241,13,1
4518,495,2,1
4518,463,11,0
4518,172,2,1
4518,277,19,1
4518,244,1,0
4519,492,3,0
4519,324,16,0
4519,62,15,0
4520,356,4,1
4520,332,18,0
4520,474,3,0
4520,440,10,0
4520,288,15,0
4520,443,12,0
4521,213,5,0
4521,441,3,1
4521,152,17,0
4521,231,11,1
4521,194,17,1
4521,283,13,0
4521,437,11,0
4521,7,2,0
4522,63,12,0
4522,89,5,1
4522,227,17,1
4522,445,18,0
4522,403,13,0
4522,485,7,0
4522,123,12,1
4523,242,2,1
4523,167,7,0
4523,263,12,0
4523,339,11,0
4523,220,9,0
4524,315,15,0
4524,94,3,0
4524,257,9,0
4524,275,9,1
4525,214,12,1
4525,478,9,0
4525,89,9,0
4525,230,12,0
4525,331,6,1
4525,498,13,0
4525,426,6,1
4525,369,4,0
4526,314,18,1
4527,491,5,0
4528,418,13,0
4528,493,14,1
4528,472,18,0
4528,266,18,1
4528,110,15,0
4528,151,3,1
4528,256,10,1
4528,70,7,0
4529,236,9,0
4529,107,6,0
4529,433,3,1
4529,333,2,1
4529,291,6,1
4529,123,18,0
4529,183,2,1
4530,48,4,1
4530,467,2,0
4530,442,13,1
4530,266,8,0
4530,187,9,1
4530,457,19,0
4530,56,4,0
4530,306,19,0
4531,233,17,0
4531,36,6,0
4532,116,2,1
4532,307,3,0
4532,435,13,1
4532,387,16,1
4532,137,14,1
4532,27,8,0
4532,351,1,1
4532,357,6,0
4533,144,8,1
4533,8,19,0
4533,389,2,0
4533,53,9,0
4533,95,10,0
4534,235,14,0
4534,329,13,0
4535,261,2,1
4535,479,19,1
4535,41,17,0
4535,163,6,0
4536,251,4,0
4537,302,13,0
4537,461,12,0
4538,453,6,1
4538,244,1,0
4538,161,1,1
4538,83,6,1
4538,216,4,1
4538,372,3,1
4538,166,5,0
4539,276,14,1
4539,177,19,0
4539,88,4,0
4539,97,18,1
4540,89,16,0
4540,441,14,0
4540,15,4,1
4541,297,6,0
4541,138,2,0
4541,216,3,1
4542,238,6,0
4542,207,14,1
4542,112,1,0
4542,126,5,1
4543,124,2,1
4543,224,6,0
4543,442,10,1
4543,151,15,1
4543,487,19,0
4543,466,8,0
4543,31,4,0
4544,360,17,0
4545,443,8,1
4545,122,1,0
4545,152,5,1
4545,5,7,1
4545,358,17,0
4545,229,11,1
4545,317,5,1
4545,240,12,0
4546,337,14,1
4546,456,13,1
4547,315,18,0
4547,459,2,1
4547,449,6,0
4548,68,7,0
4548,482,6,1
4548,437,10,0
4548,66,2,1
4548,185,14,1
4548,271,12,0
4549,500,11,1
4549,484,14,1
4550,164,4,0
4551,363,13,0
4551,47,19,0
4551,259,3,1
4551,470,3,0
4551,305,13,0
4552,293,12,0
4552,393,19,0
4552,181,1,0
4552,140,9,1
4552,189,18,1
4552,438,9,0
4552,202,19,0
4552,395,13,1
4552,337,7,0
4553,347,1,1
4553,97,7,0
4553,423,5,0
4553,485,2,0
4553,359,11,0
4553,12,6,0
4553,107,14,1
4553,22,19,1
4554,16,16,1
4555,1,15,1
4555,489,6,0
4555,203,19,0
4555,449,9,0
4555,141,3,1
4555,140,10,1
4555,70,9,0
4555,408,18,0
4556,131,3,1
4556,473,13,0
4557,232,7,0
4557,290,12,0
4557,120,7,0
4557,284,18,1
4557,495,14,0
4557,387,16,0
4557,194,7,1
4557,487,5,0
4557,55,5,1
4558,105,16,1
4558,417,17,1
4558,358,16,1
4558,96,18,0
4558,355,13,0
4558,2,10,0
4558,81,2,0
4558,116,14,1
4558,493,4,1
4559,149,19,1
4559,56,6,0
4559,24,2,1
4559,433,3,0
4559,85,17,0
4559,445,12,0
4559,482,2,0
4559,37,4,0
4559,228,6,1
4560,236,3,1
4560,245,2,0
4560,140,3,1
4560,329,15,1
4560,133,8,1
4560,321,6,0
4560,287,11,0
4560,320,12,1
4560,445,16,0
4561,218,15,0
4561,137,11,1
4561,433,15,1
4561,15,8,0
4561,282,8,0
4561,319,12,0
4561,168,9,0
4561,306,17,1
4561,402,11,0
4562,232,15,0
4562,327,18,1
4562,318,19,0
4562,424,2,0
4562,156,2,1
4562,453,3,1
4562,312,13,0
4563,106,17,0
4563,143,6,0
4563,275,15,1
4563,328,19,0
4563,384,12,0
4563,368,15,1
4563,410,13,0
4563,218,1,1
4563,333,19,0
4564,329,3,1
4564,384,8,0
4564,478,17,1
4564,496,17,1
4565,486,2,0
4565,444,13,1
4565,31,18,0
4565,272,9,0
4566,395,16,0
4566,378,19,0
4567,286,1,0
4567,474,19,0
4567,129,4,0
4568,305,1,0
4568,215,14,1
4568,171,14,0
4568,125,13,0
4568,394,3,0
4568,38,19,0
4568,496,16,0
4568,226,16,0
4569,125,4,0
4569,115,4,0
4569,432,19,1
4569,280,15,0
4569,223,10,0
4569,440,13,0
4569,470,6,1
4570,59,9,1
4570,463,14,0
4570,355,3,0
4570,420,10,1
4570,497,19,0
4570,326,16,0
4571,419,3,1
4571,441,11,0
4571,433,12,0
4571,16,12,0
4572,354,2,0
4572,308,2,1
4572,280,3,0
4572,97,11,1
4572,485,5,1
4573,309,2,0
4573,398,8,0
4573,71,4,0
4573,374,2,1
4573,376,1,0
4573,222,1,0
4574,377,3,0
4574,332,11,0
4574,152,8,0
4574,385,4,0
4574,131,7,0
4574,359,8,0
4574,220,13,1
4575,496,2,1
4575,248,9,1
4575,406,11,0
4575,474,5,1
4575,46,19,0
4575,418,6,1
4575,148,11,1
4575,294,11,1
4575,84,9,0
4576,494,11,1
4577,207,10,0
4577,402,18,0
4577,434,2,0
4577,493,15,1
4577,430,10,1
4578,496,18,1
4578,494,9,0
4578,270,16,0
4578,478,12,0
4578,14,5,0
4578,498,6,0
4578,189,14,0
4578,447,3,0
4578,417,19,0
4579,41,12,1
4579,17,10,0
4579,135,6,1
4580,372,18,0
4581,165,7,0
4581,169,7,1
4581,442,17,0
4582,461,14,0
4582,89,4,0
4582,446,10,1
4582,480,8,0
4583,246,9,1
4584,295,7,1
4584,88,8,1
4585,52,15,0
4585,17,17,1
4585,442,8,0
4585,55,7,1
4585,402,8,0
4585,91,18,0
4585,325,12,0
4586,310,9,0
4586,117,6,1
4586,145,8,1
4586,230,13,0
4586,65,12,0
4586,273,8,0
4586,179,14,1
4586,371,16,1
4586,407,11,1
4587,273,16,1
4587,418,5,0
4587,320,1,0
4588,30,7,1
4588,241,2,1
4588,261,14,1
4588,368,14,0
4588,448,11,1
4589,56,14,0
4589,81,12,1
4589,38,15,0
4589,362,18,0
4590,4,1,1
4590,234,15,0
4590,384,8,0
4590,430,15,0
4590,465,19,0
4590,92,18,1
4590,359,7,1
4591,419,3,0
4592,133,13,1
4592,228,16,0
4592,75,3,1
4592,183,16,1
4592,256,6,1
4593,249,7,1
4593,448,15,0
4593,301,2,0
4593,60,9,1
4593,422,17,1
4593,369,3,1
4594,290,12,0
4594,131,1,1
4594,101,15,1
4594,15,18,0
4594,163,7,0
4594,318,10,0
4595,159,12,0
4595,149,17,1
4595,179,9,1
4596,469,15,0
4596,44,6,0
4596,258,15,0
4596,281,12,0
4596,96,7,1
4596,316,10,0
4596,113,18,0
4596,461,6,1
4597,65,8,1
4597,308,10,1
4597,102,17,0
4597,229,10,0
4597,93,14,0
4597,372,7,1
4597,46,12,0
4598,66,16,0
4598,41,3,0
4599,18,3,1
4599,458,3,0
4599,200,15,1
4599,371,18,1
4599,364,11,0
4599,449,5,1
4599,59,19,1
4599,52,3,0
4600,48,19,1
4600,116,14,1
4600,64,5,0
4600,142,3,1
4600,308,16,1
4600,117,3,1
4601,445,18,0
4601,241,2,1
4601,27,4,0
4601,270,12,0
4601,164,7,0
4601,344,11,1
4601,140,4,0
4602,157,17,0
4602,495,16,0
4602,79,19,0
4602,329,9,1
4602,107,2,0
4602,127,15,1
4602,174,9,0
4602,267,8,1
4603,268,11,0
4603,367,1,1
4603,180,5,1
4603,185,6,0
4603,224,1,1
4603,387,5,0
4603,66,3,0
4604,159,7,0
4604,35,8,1
4604,169,2,0
4605,72,16,0
4605,28,15,1
4605,145,7,0
4605,457,12,0
4606,332,11,1
4606,414,18,0
4606,56,3,1
4606,121,12,0
4606,65,16,0
4606,304,7,1
4607,11,9,1
4608,67,5,1
4608,179,9,0
4608,95,15,1
4608,183,15,0
4608,190,4,0
4608,40,15,0
4608,269,12,1
4608,453,18,0
4609,77,2,0
4609,187,1,0
4609,282,19,0
4609,423,16,0
4609,71,1,0
4609,246,11,1
4609,23,17,0
4609,161,19,0
4609,203,16,0
4610,142,8,1
4610,61,15,0
4610,434,18,1
4610,205,1,1
4610,422,12,1
4611,357,2,0
4611,311,4,0
4612,67,6,1
4612,3,19,1
4612,15,17,1
4612,286,10,1
4612,237,18,0
4612,214,12,0
4612,324,18,0
4613,319,6,0
4614,278,2,0
4614,173,13,1
4614,344,19,0
4614,140,10,0
4615,145,15,1
4615,258,8,0
4615,136,6,0
4615,331,16,0
4615,37,8,0
4615,238,15,0
4616,497,1,0
4616,23,7,0
4616,118,18,1
4616,26,1,1
4616,412,9,1
4616,451,11,0
4616,111,7,0
4616,174,19,1
4616,262,18,1
4617,193,7,1
4617,93,19,0
4617,375,14,1
4617,367,7,1
4618,119,10,0
4618,344,9,0
4619,405,16,1
4619,91,6,0
4620,310,16,1
4620,193,13,0
4620,323,4,1
4621,347,19,1
4622,58,18,0
4622,315,2,0
4622,219,7,1
4622,104,13,0
4622,53,9,0
4622,196,17,0
4622,276,18,0
4622,173,3,0
4622,249,6,0
4623,4,1,0
4623,289,10,1
4624,126,5,0
4624,430,16,1
4624,257,17,0
4624,146,3,0
4624,357,2,0
4624,171,18,1
4624,461,10,0
4624,349,12,1
4624,434,1,1
4625,383,19,1
4625,291,15,0
4625,161,12,1
4625,451,8,0
4625,400,4,1
4625,363,12,1
4625,199,11,1
4626,183,12,1
4626,80,8,1
4626,242,14,1
4626,30,1,1
4626,426,1,0
4627,429,17,0
4628,273,8,0
4628,48,10,0
4628,221,12,1
4629,363,2,1
4629,190,6,0
4629,80,17,1
4629,483,9,1
4630,463,18,0
4630,87,8,0
4630,299,5,1
4630,80,19,0
4630,321,4,1
4631,447,11,0
4631,211,14,1
4631,151,14,1
4631,120,7,1
4631,168,9,1
4631,375,17,1
4631,297,8,0
4631,52,17,1
4632,166,4,1
4632,13,18,0
4632,60,1,1
4633,66,13,1
4633,151,4,0
4633,200,13,0
4633,162,17,0
4633,180,9,1
4633,144,1,0
4633,417,1,1
4634,148,13,0
4635,295,19,1
4635,238,5,1
4635,63,17,1
4635,468,18,0
4635,92,2,0
4636,231,7,1
4636,366,13,0
4636,84,2,0
4636,253,7,0
4636,298,3,1
4636,443,12,0
4637,44,10,0
4637,461,6,1
4637,124,4,0
4637,142,18,1
4637,32,8,1
4637,370,8,1
4637,430,16,0
4637,31,19,0
4637,440,12,0
4638,292,8,1
4638,226,14,1
4638,59,12,0
4638,429,2,0
4638,240,2,1
4638,151,19,0
4638,118,18,0
4638,152,4,1
4639,302,1,0
4639,154,1,1
4639,15,19,1
4639,12,14,0
4639,136,7,0
4639,48,18,0
4640,393,17,0
4640,468,18,1
4640,23,11,0
4640,142,16,1
4640,131,16,1
4640,391,19,0
4640,208,8,0
4640,214,17,0
4641,220,17,0
4641,286,2,0
4641,84,15,1
4642,437,2,0
4643,10,14,0
4644,427,16,0
4644,259,4,0
4644,194,7,1
4644,122,3,0
4645,86,13,1
4645,270,12,0
4646,421,4,1
4646,37,13,1
4646,159,6,0
4647,421,7,1
4647,328,19,0
4647,371,11,1
4647,261,8,1
4647,476,12,1
4648,204,12,0
4648,448,10,1
4648,58,14,0
4648,393,3,0
4648,406,19,0
4648,463,19,1
4648,341,8,1
4649,273,5,0
4649,343,11,1
4649,239,2,0
4650,83,7,1
4650,15,15,1
4650,249,6,0
4651,107,14,0
4651,211,11,0
4651,62,14,1
4651,180,18,0
4651,113,17,0
4651,143,9,0
4651,159,4,0
4651,272,16,1
4651,486,13,0
4652,341,16,1
4652,258,12,1
4653,315,19,0
4653,48,16,1
4653,397,13,0
4653,489,14,1
4654,125,2,1
4654,10,1,0
4654,221,7,0
4654,213,11,1
4655,230,18,0
4655,150,3,0
4655,426,10,0
4655,385,19,0
4655,428,17,1
4655,499,11,1
4655,162,7,0
4655,146,11,0
4656,137,12,1
4656,390,7,1
4656,306,18,1
4657,269,14,0
4657,31,5,1
4658,146,1,1
4658,226,10,1
4658,13,10,0
4658,441,7,1
4658,211,11,1
4658,302,9,0
4658,480,9,1
4659,149,19,1
4659,138,3,1
4659,90,6,1
4659,214,12,0
4659,479,16,1
4660,371,11,0
4661,245,18,1
4661,371,19,1
4662,336,8,0
4662,448,5,0
4662,434,18,0
4662,198,18,1
4663,162,4,0
4663,348,2,0
4663,453,1,0
4663,11,13,0
4664,317,8,0
4664,404,14,0
4664,431,14,0
4665,361,8,0
4665,21,15,1
4665,332,14,0
4666,476,7,0
4666,455,6,0
4666,378,9,0
4666,269,9,1
4666,419,2,0
4666,51,17,1
4666,389,6,0
4667,150,2,0
4667,294,11,1
4667,372,10,0
4667,107,16,1
4667,81,12,1
4667,186,4,0
4668,347,11,0
4668,260,16,1
4668,460,8,0
4668,322,14,0
4668,196,15,0
4669,163,9,1
4669,317,5,0
4669,121,9,1
4669,473,11,0
4669,14,7,1
4669,184,11,1
4670,260,19,0
4671,239,15,0
4671,351,15,0
4671,165,10,1
4671,108,12,0
4671,289,3,0
4671,85,17,1
4671,439,17,1
4672,148,8,0
4672,155,18,1
4672,481,7,1
4672,177,18,0
4672,347,6,0
4672,73,19,1
4672,101,9,0
4673,162,18,0
4673,427,11,0
4673,210,12,0
4673,128,13,0
4673,480,1,0
4673,116,3,1
4673,477,6,1
4673,123,10,0
4674,264,10,0
4674,154,7,0
4674,25,9,0
4674,22,10,0
4674,2,3,0
4674,151,10,0
4674,332,14,1
4674,357,4,0
4674,215,3,0
4675,336,2,1
4675,224,15,0
4675,145,2,0
4675,207,18,0
4675,112,16,0
4675,34,11,1
4676,45,7,0
4676,166,4,1
4676,241,15,0
4676,232,7,0
4677,127,2,0
4677,325,11,0
4678,418,8,1
4678,176,17,1
4678,448,14,0
4678,351,17,1
4678,8,13,0
4679,427,8,1
4679,29,1,0
4679,473,9,0
4679,410,12,0
4679,387,5,0
4679,418,17,0
4679,119,5,0
4680,141,5,1
4680,352,11,1
4680,188,3,0
4680,197,7,1
4680,132,11,0
4680,363,8,0
4680,241,3,0
4680,21,6,1
4681,400,14,1
4681,229,18,0
4681,133,15,1
4682,369,9,0
4682,67,2,1
4683,22,5,0
4683,491,2,1
4683,65,15,1
4684,120,7,0
4684,188,7,0
4684,37,17,1
4684,98,12,0
4684,104,4,0
4684,358,11,1
4684,223,11,1
4684,484,15,1
4684,81,2,0
4685,446,12,0
4685,313,12,0
4685,255,9,0
4685,145,8,0
4685,457,6,1
4685,60,12,1
4686,500,6,1
4686,54,4,1
4686,210,1,1
4686,150,4,1
4686,220,14,0
4687,135,1,1
4687,233,10,1
4687,21,19,0
4688,407,17,1
4688,108,11,0
4688,284,13,1
4688,425,8,0
4689,238,11,0
4689,426,13,1
4689,197,1,1
4689,160,6,1
4689,86,2,0
4689,71,6,1
4689,130,10,0
4689,215,16,1
4689,27,13,1
4690,299,18,1
4690,232,18,1
4690,81,8,1
4690,405,13,0
4690,467,9,1
4690,67,12,1
4690,183,5,1
4690,16,6,1
4691,407,11,0
4691,188,19,0
4692,38,10,1
4692,110,9,0
4692,205,4,0
4692,257,10,0
4693,15,6,0
4694,51,18,1
4694,391,15,0
4694,322,17,0
4694,379,6,0
4694,229,4,1
4695,184,3,0
4695,488,9,0
4696,113,7,1
4696,496,8,1
4696,83,7,1
4697,80,6,1
4698,209,3,1
4699,236,12,0
4699,423,7,1
4700,68,10,0
4701,118,6,0
4701,145,8,0
4701,427,15,0
4701,483,13,0
4702,190,18,1
4703,388,12,0
4703,240,12,0
4703,469,7,1
4703,242,18,1
4703,61,16,1
4703,28,2,1
4703,370,11,0
4703,355,1,1
4703,338,9,0
4704,352,8,1
4704,178,8,1
4704,397,11,1
4704,118,10,0
4704,85,3,1
4704,469,7,0
4704,184,17,1
4705,243,13,0
4705,77,11,0
4705,466,3,1
4705,397,8,1
4705,153,12,1
4705,413,6,0
4705,136,7,1
4705,336,7,1
4706,96,6,1
4706,298,15,0
4706,201,3,0
4707,300,19,1
4707,431,15,0
4707,485,17,0
4707,44,3,0
4707,182,7,1
4707,269,17,0
4707,34,18,0
4708,286,7,0
4709,316,9,0
4709,242,16,0
4709,206,19,1
4709,296,3,0
4709,47,13,1
4709,304,14,0
4709,370,8,1
4709,188,19,0
4709,5,16,1
4710,421,8,1
4710,203,5,0
4710,479,14,0
4710,130,14,1
4710,323,7,0
4710,467,3,1
4711,160,6,0
4711,468,16,0
4711,130,12,1
4711,90,19,1
4712,463,18,1
4712,461,2,0
4712,58,8,1
4712,233,16,0
4712,162,15,0
4712,465,2,0
4713,409,8,1
4713,405,16,1
4713,387,15,0
4713,344,1,1
4713,432,10,1
4713,36,6,0
4713,414,3,1
4714,496,14,0
4714,300,13,0
4714,301,7,1
4714,388,13,0
4714,278,17,1
4714,315,11,0
4715,49,7,1
4715,45,17,0
4716,24,7,0
4716,376,7,0
4716,239,12,1
4716,411,13,0
4716,463,13,1
4716,275,11,1
4717,466,14,1
4717,332,14,0
4717,135,17,1
4717,88,12,0
4717,139,10,0
4717,110,12,1
4717,280,7,0
4717,288,6,0
4717,165,2,0
4718,218,19,0
4718,434,1,0
4718,455,11,0
4718,13,2,0
4719,215,19,0
4719,138,8,0
4719,344,10,0
4719,254,6,1
4719,208,4,0
4719,433,1,0
4719,113,1,0
4719,102,18,1
4720,429,8,0
4720,213,17,1
4720,30,4,0
4720,244,6,1
4720,282,14,0
4720,16,16,1
4720,146,16,0
4721,363,4,1
4721,310,6,1
4721,362,17,0
4721,324,17,0
4721,221,5,1
4721,190,13,0
4722,354,16,1
4722,68,1,1
4722,298,11,0
4722,317,19,0
4723,420,1,0
4723,387,11,1
4723,266,11,1
4723,218,19,0
4724,284,17,0
4724,299,7,0
4724,277,15,0
4724,161,6,0
4724,389,15,0
4724,355,6,1
4724,366,15,1
4724,184,9,0
4724,4,16,0
4725,264,3,0
4725,462,5,0
4725,315,4,0
4726,393,7,0
4726,54,11,1
4726,500,11,0
4726,448,10,0
4727,75,1,1
4727,498,15,0
4727,151,3,0
4727,302,11,1
4727,102,4,1
4727,388,1,0
4727,233,15,0
4727,47,6,1
4728,361,6,0
4728,442,2,0
4728,195,8,0
4728,156,5,0
4728,142,9,0
4728,420,6,1
4728,405,7,0
4728,170,13,1
4728,311,18,1
4729,248,9,0
4729,338,19,0
4729,183,5,1
4729,360,13,0
4729,109,3,1
4729,293,6,1
4729,476,19,0
4730,144,18,0
4730,20,14,0
4731,460,7,0
4731,214,9,0
4731,420,11,1
4731,65,1,0
4731,329,14,0
4731,294,8,0
4731,445,3,1
4731,437,4,1
4731,53,14,1
4732,118,17,0
4732,452,9,1
4733,231,1,0
4733,162,13,1
4733,202,2,1
4733,22,19,1
4733,377,9,1
4733,210,19,0
4734,392,19,0
4734,390,8,1
4734,145,18,0
4734,371,6,0
4734,464,17,0
4734,300,18,0
4734,403,15,1
4735,165,7,1
4735,185,7,0
4735,161,17,1
4735,449,14,0
4735,97,18,0
4735,443,16,0
4736,393,11,0
4736,53,2,1
4736,143,12,0
4736,344,18,1
4736,472,16,0
4736,74,16,1
4737,270,8,0
4737,444,18,0
4737,440,15,1
4737,478,17,1
4737,160,7,0
4738,378,1,0
4738,334,5,0
4738,339,10,1
4738,213,1,0
4739,390,17,0
4739,79,4,0
4739,279,1,1
4739,361,16,1
4739,498,6,1
4739,140,13,0
4740,54,3,0
4741,329,7,0
4741,244,11,0
4741,107,6,0
4741,157,4,0
4741,103,9,1
4741,179,10,1
4741,234,4,0
4741,113,15,1
4742,116,16,0
4742,42,1,0
4742,150,12,1
4742,20,1,0
4743,356,18,0
4743,111,9,1
4743,419,3,0
4743,218,2,0
4743,114,4,0
4743,439,13,0
4743,141,13,0
4743,452,7,0
4744,114,18,0
4744,307,19,1
4744,275,8,1
4744,434,13,0
4744,279,3,1
4744,5,11,1
4744,442,6,1
4744,334,10,0
4745,57,18,0
4745,444,9,1
4745,345,17,0
4745,327,18,0
4745,476,12,1
4745,230,7,0
4745,370,4,0
4745,252,10,0
4745,207,13,1
4746,190,12,1
4746,104,1,1
4746,426,16,0
4746,388,6,1
4747,24,12,1
4747,66,4,1
4747,388,7,0
4747,26,17,0
4747,419,11,1
4747,409,3,1
4747,195,19,0
4747,250,2,0
4747,306,4,1
4748,75,8,0
4748,425,10,0
4748,121,15,0
4748,324,18,0
4748,6,16,1
4748,191,4,0
4749,185,11,1
4749,25,9,0
4749,490,8,0
4749,100,4,1
4749,486,14,0
4749,223,7,0
4749,296,4,0
4749,275,16,0
4750,258,18,0
4750,100,19,0
4750,95,13,1
4750,492,12,1
4750,353,4,0
4750,183,13,1
4750,165,16,0
4751,206,12,1
4751,367,19,0
4752,447,17,0
4752,332,18,0
4752,291,3,1
4752,434,2,0
4752,369,6,1
4752,147,2,0
4752,391,10,0
4752,193,19,1
4752,131,1,0
4753,170,17,1
4754,423,2,0
4754,101,12,0
4754,451,5,1
4755,401,15,1
4756,177,10,1
4756,194,6,0
4756,207,4,0
4756,488,1,0
4756,188,10,1
4756,73,6,0
4757,435,15,0
4757,12,9,0
4757,170,17,0
4758,411,9,1
4758,395,3,1
4758,367,15,1
4758,485,2,0
4758,344,18,0
4759,50,10,0
4760,468,9,0
4760,5,18,0
4760,403,11,0
4760,229,14,1
4760,336,18,1
4760,200,3,1
4760,77,10,0
4760,67,11,0
4760,105,8,1
4761,378,3,1
4761,131,5,0
4761,10,1,1
4761,113,19,0
4761,187,5,1
4761,295,5,1
4761,277,13,0
4761,209,8,1
4762,348,1,0
4762,61,8,0
4762,299,11,0
4762,322,19,0
4762,245,19,0
4762,371,14,0
4762,368,7,0
4762,440,12,0
4762,203,13,1
4763,142,5,1
4763,94,3,1
4763,29,17,1
4763,371,18,1
4763,369,14,1
4763,27,3,1
4763,378,9,0
4764,405,13,1
4764,51,2,0
4764,485,11,0
4764,458,11,0
4764,335,18,1
4764,104,6,0
4764,456,13,1
4764,302,9,1
4764,274,3,1
4765,80,12,0
4765,168,19,0
4765,58,8,0
4765,265,10,1
4765,337,5,0
4765,6,18,1
4765,222,3,1
4765,134,11,0
4766,456,3,0
4766,5,16,0
4766,13,2,0
4766,111,8,0
4766,253,12,0
4766,359,18,1
4766,22,11,1
4767,195,7,0
4767,263,5,1
4767,125,9,1
4767,395,6,1
4768,39,18,0
4768,368,10,0
4768,174,1,0
4768,235,2,0
4769,440,4,0
4769,128,19,0
4769,455,2,0
4769,16,14,1
4770,421,8,1
4770,348,9,1
4770,419,12,1
4771,77,17,0
4771,365,14,0
4771,419,4,0
4771,169,6,0
4771,304,7,0
4771,175,6,0
4772,454,15,0
4773,320,10,0
4773,209,12,1
4773,269,2,0
4773,334,2,0
4773,27,19,1
4773,389,7,0
4773,469,12,0
4773,406,4,0
4774,40,7,0
4774,447,5,1
4774,98,16,0
4774,456,4,1
4774,128,12,0
4774,485,14,1
4774,467,15,0
4774,414,2,0
4774,92,9,1
4775,197,10,1
4775,480,15,0
4775,314,19,0
4775,138,9,1
4775,14,11,0
4775,104,4,0
4775,172,4,0
4775,306,4,1
4775,51,3,1
4776,393,12,0
4777,318,18,0
4777,409,18,0
4777,266,17,1
4777,36,15,1
4777,274,2,0
4778,232,13,0
4778,462,14,0
4778,493,16,1
4778,371,13,1
4778,78,1,0
4778,72,5,0
4779,361,15,0
4779,222,11,0
4779,351,4,0
4779,323,4,0
4779,42,13,1
4779,493,3,1
4779,459,10,1
4779,290,5,0
4780,362,3,1
4780,133,3,0
4780,73,15,1
4780,408,15,0
4780,145,7,1
4780,238,5,0
4781,380,4,1
4781,300,6,1
4781,2,11,0
4781,118,4,1
4781,97,15,1
4782,454,4,1
4782,431,10,0
4782,318,15,0
4782,363,16,0
4782,312,10,1
4782,442,8,1
4782,325,4,1
4782,360,2,0
4783,58,11,0
4783,184,5,0
4783,196,15,0
4783,490,4,0
4783,172,9,0
4783,68,17,1
4784,392,1,1
4785,40,8,0
4786,395,2,1
4786,111,16,1
4786,500,10,0
4786,261,3,1
4786,488,5,1
4786,256,15,0
4786,244,13,0
4786,108,13,0
4787,96,4,1
4787,467,7,0
4787,143,14,1
4787,443,4,1
4787,348,12,0
4787,85,12,0
4788,398,2,0
4788,58,14,0
4788,447,10,0
4788,247,14,0
4789,478,4,0
4789,352,6,1
4789,171,12,0
4789,107,6,0
4789,437,19,1
4789,196,6,0
4789,330,17,1
4789,415,10,0
4789,377,8,0
4790,422,17,0
4790,50,16,0
4790,20,11,1
4790,425,6,0
4790,400,19,0
4790,483,10,0
4791,339,8,1
4791,201,2,1
4791,270,8,1
4791,215,11,1
4791,427,10,0
4791,212,6,0
4791,135,1,0
4791,290,9,1
4792,422,4,0
4792,115,4,0
4793,98,12,0
4793,207,15,0
4793,137,12,1
4794,113,16,0
4794,1,8,0
4794,462,19,1
4794,177,16,1
4795,371,18,0
4795,120,14,1
4795,164,3,1
4795,309,18,0
4795,464,9,0
4795,159,16,1
4795,326,2,0
4795,377,19,0
4796,17,3,0
4796,190,14,0
4796,419,1,1
4796,10,14,1
4796,463,14,0
4796,88,12,0
4796,451,15,0
4796,357,16,1
4796,425,3,1
4797,157,12,0
4797,56,5,0
4797,314,7,0
4797,182,1,0
4797,448,3,0
4797,40,10,0
4797,138,1,0
4798,456,15,0
4799,52,2,0
4799,239,12,0
4799,473,3,1
4799,72,12,1
4799,319,12,0
4799,234,2,1
4799,378,15,0
4800,9,2,1
4800,260,17,1
4800,119,6,0
4800,378,1,1
4801,451,15,1
4801,157,5,0
4802,453,14,0
4802,164,2,1
4802,99,6,0
4803,474,3,0
4803,237,15,1
4803,319,13,0
4803,471,12,0
4803,489,16,1
4803,344,4,0
4803,406,5,1
4804,320,7,0
4804,277,4,1
4805,192,7,0
4805,32,14,0
4805,114,12,0
4805,183,1,1
4805,277,8,0
4805,480,10,1
4806,287,17,1
4807,178,1,1
4807,229,8,0
4807,468,11,1
4808,227,9,0
4808,45,3,1
4808,407,10,0
4808,351,8,0
4809,224,14,1
4809,67,7,0
4809,471,9,0
4809,138,16,1
4809,376,11,1
4810,77,8,1
4810,485,2,0
4810,83,18,1
4810,84,19,0
4810,288,6,0
4811,208,6,0
4811,252,9,0
4811,309,7,0
4811,315,15,0
4812,280,17,1
4812,188,2,0
4812,265,5,0
4812,35,18,0
4812,38,7,0
4812,126,8,0
4812,2,10,0
4812,384,3,1
4813,87,5,1
4813,284,15,1
4813,463,10,0
4813,79,12,1
4813,130,9,0
4814,431,16,0
4814,27,6,1
4814,193,3,0
4814,227,3,0
4814,280,10,0
4815,317,11,1
4815,328,18,1
4815,130,12,1
4815,210,9,1
4815,213,18,0
4815,194,14,0
4816,105,16,1
4816,50,7,0
4816,309,18,0
4816,329,5,0
4817,171,16,1
4817,109,14,0
4817,463,11,1
4817,87,16,0
4817,395,11,1
4817,101,6,0
4817,14,2,1
4818,245,1,1
4818,429,4,0
4818,432,1,0
4818,187,3,1
4818,39,7,1
4819,276,15,0
4819,252,18,0
4819,285,13,0
4819,174,4,0
4819,338,13,0
4819,443,11,0
4820,345,19,0
4821,144,11,0
4821,192,1,0
4821,133,15,0
4821,326,15,0
4821,200,16,1
4821,173,18,1
4822,101,13,1
4822,466,17,1
4822,376,6,1
4823,175,5,1
4823,153,7,1
4823,389,18,0
4823,132,15,1
4823,263,17,0
4823,345,13,1
4823,315,11,1
4823,31,12,1
4824,302,9,1
4824,221,3,1
4824,441,9,0
4824,15,9,0
4824,36,6,0
4825,327,7,1
4825,444,6,1
4825,350,5,0
4826,488,17,1
4826,415,19,1
4826,222,9,0
4826,163,17,1
4826,65,18,1
4826,95,19,0
4827,440,14,0
4827,323,6,0
4827,48,3,1
4827,386,19,0
4827,122,1,1
4827,59,13,0
4827,96,19,1
4827,339,15,0
4828,34,3,0
4828,230,14,0
4828,242,13,1
4828,54,10,0
4828,466,17,1
4828,136,11,1
4828,353,4,0
4828,265,1,0
4828,111,1,0
4829,21,16,0
4829,250,3,1
4829,243,17,1
4829,328,3,0
4830,247,19,0
4831,393,3,0
4831,383,19,0
4831,384,13,0
4831,141,3,0
4831,21,13,0
4831,84,7,0
4831,52,11,0
4831,66,12,0
4831,316,14,1
4832,354,3,0
4832,224,13,0
4832,47,9,1
4833,260,7,1
4833,471,14,0
4833,122,12,0
4833,312,14,1
4833,282,9,1
4833,146,17,1
4833,409,2,1
4833,450,5,1
4833,493,2,1
4834,485,16,0
4834,206,15,0
4834,490,9,0
4835,455,9,0
4835,444,11,0
4835,167,18,0
4835,99,10,0
4835,245,1,1
4835,336,16,0
4835,28,9,1
4835,165,8,0
4836,373,6,1
4836,429,12,0
4836,173,3,0
4836,15,7,1
4837,282,19,0
4837,294,15,1
4837,446,16,1
4837,114,3,0
4837,323,10,0
4838,15,18,0
4838,247,15,0
4838,357,8,1
4838,84,4,0
4838,327,6,1
4838,342,14,0
4839,257,3,0
4839,24,6,1
4839,364,19,1
4839,495,16,0
4839,145,11,1
4839,177,16,0
4839,236,9,0
4839,29,18,1
4840,455,13,0
4840,498,5,0
4840,245,14,0
4840,30,18,1
4840,32,3,1
4840,244,14,0
4840,258,12,1
4841,420,19,0
4841,371,9,0
4841,385,18,0
4841,44,16,1
4841,276,9,1
4841,362,13,1
4841,348,3,1
4841,415,8,0
4841,10,11,0
4842,132,12,0
4842,30,4,1
4843,197,8,0
4843,400,3,0
4843,64,15,0
4843,244,7,0
4843,277,2,1
4844,101,8,0
4844,58,6,0
4845,475,9,0
4846,415,7,0
4846,271,6,0
4846,191,18,0
4846,323,2,0
4846,389,8,1
4846,122,4,0
4846,144,4,0
4846,210,9,1
4847,328,4,1
4847,416,19,1
4847,225,11,1
4847,181,13,1
4847,49,15,1
4847,220,19,0
4847,130,10,1
4847,375,5,1
4848,142,4,0
4848,221,4,0
4848,339,4,1
4848,416,17,0
4848,252,11,0
4848,39,9,0
4848,105,1,0
4848,29,14,1
4849,71,13,1
4849,320,19,0
4849,456,9,1
4849,154,6,0
4849,380,13,0
4849,106,17,0
4849,279,16,0
4849,7,9,1
4850,18,9,0
4850,12,13,0
4850,154,18,0
4850,168,9,1
4850,420,2,0
4850,398,5,0
4850,297,9,0
4850,262,4,1
4850,370,10,1
4851,308,3,1
4851,359,1,0
4851,459,12,1
4851,311,8,1
4852,469,11,0
4852,374,3,1
4852,138,10,1
4852,375,9,0
4852,274,14,1
4852,12,10,0
4853,164,13,1
4853,457,17,0
4853,75,10,0
4853,136,5,0
4853,235,4,1
4853,394,3,0
4853,76,4,0
4853,494,14,1
4853,129,5,0
4854,435,14,1
4855,252,19,0
4855,341,19,1
4856,416,1,0
4856,24,6,0
4856,428,10,0
4856,344,7,1
4856,130,11,0
4857,464,3,0
4857,203,2,0
4857,81,1,1
4857,445,2,1
4857,106,18,1
4857,438,1,1
4858,57,16,0
4858,424,17,0
4859,156,17,0
4860,223,2,1
4860,51,8,0
4860,340,9,0
4860,295,5,0
4860,71,18,0
4861,173,18,1
4861,73,16,1
4861,370,10,0
4862,430,4,0
4863,20,17,0
4863,474,1,0
4863,322,14,1
4863,483,3,1
4863,258,10,0
4863,332,14,1
4864,42,9,0
4864,189,6,0
4864,480,17,1
4864,470,6,0
4864,73,3,1
4865,83,11,1
4866,477,3,0
4866,415,14,0
4866,231,13,0
4866,264,8,1
4866,121,2,0
4866,421,5,0
4866,430,3,1
4866,110,3,0
4866,486,8,0
4867,342,2,0
4867,484,1,0
4867,143,18,1
4867,344,2,0
4867,67,1,1
4867,444,4,0
4868,415,11,1
4868,414,7,1
4868,186,3,1
4868,358,4,1
4868,448,13,0
4868,416,6,0
4869,180,10,0
4869,105,17,0
4869,120,4,0
4869,64,18,1
4869,63,15,1
4870,244,5,1
4871,130,8,0
4871,452,15,0
4871,436,8,0
4872,397,11,0
4872,215,15,1
4872,288,16,0
4872,9,5,0
4872,71,9,0
4872,357,6,0
4872,355,1,0
4872,223,15,1
4873,183,1,1
4873,55,1,1
4873,316,17,1
4873,79,11,0
4873,211,12,1
4873,172,14,1
4873,202,15,0
4873,467,1,0
4873,226,18,0
4874,236,18,1
4874,468,13,0
4874,448,18,1
4874,347,1,0
4875,236,8,0
4875,167,7,0
4875,35,4,1
4875,53,3,0
4875,274,11,1
4876,82,14,1
4876,296,18,0
4876,427,9,0
4876,183,1,1
4876,420,18,0
4876,385,18,0
4876,23,1,0
4877,479,15,0
4877,107,6,0
4877,16,4,1
4877,355,9,1
4877,271,6,0
4877,426,7,1
4878,433,11,1
4878,440,17,0
4878,317,9,1
4879,38,9,1
4879,60,15,1
4879,27,16,0
4879,458,7,1
4879,371,15,1
4880,150,3,0
4881,423,7,0
4882,233,17,0
4882,402,13,0
4882,458,5,0
4882,311,3,0
4882,15,4,1
4882,99,18,1
4883,208,10,0
4883,56,9,0
4884,292,16,0
4884,444,17,0
4884,186,5,1
4884,139,3,1
4885,229,7,1
4885,428,13,0
4885,30,9,0
4885,44,3,1
4885,201,10,0
4885,2,13,0
4885,330,17,0
4886,240,1,1
4886,214,4,1
4886,175,6,1
4886,187,15,0
4886,9,6,1
4886,212,1,0
4886,233,19,1
4887,367,9,1
4887,85,3,1
4887,118,1,0
4887,429,1,1
4888,328,13,0
4888,353,19,0
4889,52,4,1
4889,233,16,0
4889,298,10,0
4889,373,19,0
4889,463,19,0
4889,220,14,1
4890,155,6,0
4890,386,5,0
4890,223,14,1
4891,96,15,1
4891,219,13,1
4891,373,18,1
4892,366,19,1
4892,282,14,0
4893,170,19,0
4893,79,1,0
4893,108,18,1
4893,466,6,0
4893,145,12,1
4893,349,11,1
4893,472,4,1
4894,151,16,1
4894,287,13,0
4894,16,7,1
4894,386,17,0
4895,134,10,1
4895,199,6,0
4895,105,16,1
4895,233,14,1
4895,353,13,0
4895,151,7,0
4896,50,11,0
4896,361,12,1
4896,344,3,0
4896,409,13,0
4896,329,9,1
4896,429,14,0
4896,360,8,0
4897,220,16,1
4897,253,6,0
4897,391,3,1
4897,366,8,1
4897,83,10,0
4897,120,14,1
4897,82,2,0
4897,192,7,1
4898,275,19,0
4899,476,16,1
4899,251,4,1
4899,435,17,0
4899,325,11,0
4899,142,18,1
4899,146,15,1
4900,138,10,1
4900,337,19,1
4900,26,9,0
4900,344,13,0
4900,209,5,0
4900,356,9,0
4900,404,1,0
4901,259,18,0
4901,107,11,0
4901,263,18,1
4901,138,14,1
4902,476,18,0
4902,381,9,0
4902,266,12,0
4902,368,8,0
4902,255,11,1
4903,335,14,1
4903,170,6,1
4903,306,19,1
4903,423,8,1
4903,285,14,1
4903,409,15,1
4903,33,5,0
4903,183,17,1
4904,138,16,1
4905,66,7,0
4905,35,4,1
4905,108,3,1
4905,470,12,1
4905,263,6,0
4905,277,19,0
4905,229,15,0
4906,231,8,1
4906,405,1,0
4906,287,19,1
4906,497,10,0
4906,200,6,0
4906,238,7,0
4906,52,16,0
4906,38,3,0
4906,99,1,0
4907,13,8,1
4907,440,18,1
4907,235,14,1
4907,372,1,1
4908,261,15,0
4908,294,9,1
4909,483,11,0
4909,170,11,0
4909,207,13,1
4909,17,7,1
4909,122,16,0
4909,222,7,1
4909,23,17,0
4909,20,15,0
4910,108,7,0
4910,494,2,0
4910,218,19,0
4910,499,4,0
4910,205,17,0
4910,63,15,0
4910,258,8,0
4910,277,7,1
4910,391,5,1
4911,128,13,0
4911,309,4,0
4911,377,13,1
4911,497,17,1
4911,262,8,0
4911,440,6,0
4911,375,14,1
4912,185,16,1
4912,152,2,1
4912,288,11,0
4913,58,19,1
4913,377,11,1
4913,500,2,0
4913,282,10,0
4913,369,5,1
4913,65,17,0
4913,374,10,1
4913,82,5,0
4913,458,1,1
4914,284,13,1
4914,411,3,1
4914,303,13,0
4914,302,4,0
4914,40,1,0
4915,491,18,0
4915,85,11,0
4915,73,18,0
4915,432,6,0
4916,188,11,1
4916,490,3,0
4916,52,7,0
4916,478,4,1
4917,219,13,1
4917,354,10,1
4917,50,4,1
4918,133,9,1
4918,91,12,0
4919,253,11,1
4919,380,7,0
4919,49,16,0
4919,51,3,0
4920,446,6,1
4920,500,6,0
4920,370,15,0
4920,460,9,0
4920,334,3,1
4921,118,12,0
4921,210,12,1
4921,361,11,0
4921,10,3,0
4921,494,9,1
4922,170,1,1
4922,357,6,1
4922,304,8,1
4922,31,17,1
4922,53,7,0
4922,222,19,0
4922,262,10,0
4923,343,12,1
4923,228,16,1
4924,225,2,0
4925,377,18,1
4926,431,9,0
4926,305,8,0
4927,363,17,1
4927,110,13,0
4927,219,10,0
4928,37,2,0
4928,195,13,0
4928,424,14,0
4928,149,16,0
4928,454,9,1
4928,191,9,0
4928,212,3,0
4928,221,4,0
4928,299,17,1
4929,100,9,0
4929,246,16,1
4929,228,1,0
4929,263,14,0
4930,162,5,0
4930,254,18,0
4930,288,9,1
4930,403,15,0
4930,186,19,0
4930,132,16,0
4930,277,13,1
4931,384,8,0
4931,279,15,0
4931,472,9,0
4931,225,12,0
4932,483,4,1
4932,265,15,0
4932,259,9,1
4932,243,1,1
4933,478,3,1
4933,163,13,1
4933,323,12,0
4933,48,4,0
4934,434,12,0
4934,341,14,0
4935,80,6,1
4936,270,10,0
4936,19,15,0
4936,333,2,0
4936,70,17,1
4936,63,16,0
4936,268,14,0
4936,434,13,0
4937,249,19,0
4937,138,9,1
4938,273,1,1
4938,206,14,1
4938,393,15,0
4938,500,12,0
4938,300,3,0
4938,413,2,0
4938,360,2,1
4938,347,15,0
4938,169,14,0
4939,50,19,0
4939,291,19,1
4939,399,12,0
4939,497,13,0
4939,270,9,0
4939,34,17,0
4940,222,8,0
4940,116,14,1
4940,401,3,1
4940,119,12,0
4940,413,6,0
4940,254,15,0
4940,90,13,1
4941,153,1,0
4941,286,6,1
4941,416,8,1
4941,175,10,1
4941,472,4,0
4942,202,4,1
4942,184,18,0
4942,277,15,0
4942,140,16,0
4942,95,19,0
4942,383,8,1
4942,159,12,1
4942,161,14,0
4943,398,15,0
4943,361,18,0
4943,284,17,0
4943,416,5,1
4944,211,15,0
4944,123,4,1
4944,34,13,0
4944,46,2,0
4944,21,8,0
4944,483,9,0
4944,274,10,1
4945,87,13,1
4945,138,19,1
4945,407,17,0
4945,230,19,1
4945,408,6,0
4945,182,4,0
4946,165,13,0
4947,221,8,0
4947,423,19,0
4947,365,19,0
4948,164,2,1
4948,85,16,0
4948,73,14,1
4948,139,15,0
4948,499,5,1
4948,104,14,1
4948,202,13,1
4948,159,6,0
4948,353,6,0
4949,99,13,1
4949,493,15,0
4949,280,11,0
4949,326,16,1
4949,34,15,0
4949,405,14,0
4949,156,19,1
4950,492,7,0
4950,416,12,0
4950,173,17,0
4950,177,7,1
4950,96,4,1
4950,298,2,0
4951,441,9,0
4951,322,17,0
4951,431,10,0
4951,77,3,0
4951,452,3,0
4951,244,15,1
4952,384,2,0
4952,284,14,1
4952,42,3,1
4952,368,13,0
4952,340,17,1
4952,184,14,1
4952,309,10,1
4952,356,7,0
4952,135,6,1
4953,452,4,0
4953,273,11,0
4953,314,2,0
4953,233,1,0
4954,9,6,1
4954,216,1,0
4954,39,1,0
4954,160,1,1
4954,148,9,0
4954,249,1,0
4954,308,10,0
4955,314,1,0
4955,318,6,0
4955,278,13,0
4955,485,9,0
4955,420,13,1
4955,52,10,1
4955,478,18,1
4955,153,1,1
4955,445,4,1
4956,496,19,1
4956,109,6,0
4956,41,17,0
4956,356,9,1
4957,96,12,0
4957,400,12,1
4957,72,18,0
4957,61,18,0
4957,88,16,1
4957,448,14,1
4957,62,7,0
4957,223,11,0
4958,490,15,0
4958,364,6,1
4958,369,18,1
4958,189,16,1
4958,449,10,1
4958,304,9,0
4959,85,18,0
4960,385,11,1
4960,240,1,0
4960,187,2,1
4960,105,10,0
4960,467,8,0
4961,401,16,1
4962,26,7,0
4962,391,9,1
4962,132,15,0
4962,189,8,1
4962,204,1,0
4962,407,9,0
4962,476,6,0
4963,370,12,0
4963,441,4,0
4963,348,16,0
4963,451,19,1
4963,280,19,0
4963,262,5,0
4963,429,8,0
4963,452,16,0
4963,485,15,0
4964,74,10,0
4964,47,8,1
4964,477,14,1
4964,440,9,0
4965,252,18,0
4965,221,12,1
4965,97,1,1
4965,8,18,0
4965,21,16,1
4965,355,9,0
4966,138,5,1
4966,333,9,1
4966,316,11,1
4967,30,16,0
4967,384,10,0
4967,286,8,1
4967,275,5,0
4967,460,11,0
4967,304,5,0
4967,416,11,0
4967,235,18,0
4968,10,18,0
4968,203,10,1
4968,82,17,0
4968,362,10,1
4968,311,19,0
4968,323,19,1
4968,192,18,0
4968,337,19,0
4969,382,14,1
4969,45,17,0
4969,425,6,0
4969,221,18,0
4969,20,4,1
4970,264,8,1
4970,100,11,0
4970,70,15,0
4970,59,18,1
4970,484,1,1
4970,449,19,1
4971,348,7,0
4971,210,6,1
4971,255,19,0
4971,472,4,0
4971,150,13,1
4971,258,8,0
4972,53,18,0
4972,325,17,0
4972,99,16,1
4972,354,16,0
4972,323,13,0
4972,265,9,1
4972,130,4,0
4972,352,11,1
4972,367,12,1
4973,477,7,0
4973,394,12,1
4973,483,14,1
4973,4,19,0
4973,51,9,0
4973,153,3,0
4973,484,5,1
4973,499,10,1
4973,228,9,0
4974,293,18,0
4974,87,15,1
4975,440,16,1
4976,94,5,0
4977,142,11,0
4977,459,2,0
4977,485,5,1
4977,284,17,1
4977,199,15,1
4977,172,18,1
4977,117,3,0
4977,128,9,1
4977,207,17,0
4978,342,19,0
4978,113,5,0
4978,178,15,0
4978,425,14,0
4978,115,16,0
4978,68,5,0
4978,381,9,0
4979,224,15,0
4979,147,13,1
4979,457,7,1
4979,12,17,0
4979,69,1,1
4980,91,2,0
4980,278,15,0
4980,363,17,1
4981,39,7,0
4981,462,6,0
4981,132,5,0
4981,498,15,0
4982,374,14,0
4982,240,16,0
4982,310,14,1
4983,23,10,1
4983,160,14,1
4983,59,2,0
4983,265,1,0
4983,286,3,1
4984,298,16,1
4984,336,12,0
4984,167,7,1
4984,373,3,0
4984,109,12,1
4984,76,11,1
4985,307,19,1
4985,370,10,1
4985,379,1,0
4985,387,4,0
4986,174,4,0
4986,242,17,0
4986,374,16,1
4987,208,12,1
4987,311,5,1
4987,404,5,0
4988,361,15,1
4988,166,3,0
4988,448,15,0
4988,456,2,0
4989,109,19,0
4989,206,11,0
4989,405,15,1
4989,378,2,0
4989,16,8,0
4989,113,10,0
4989,270,3,1
4989,443,16,1
4989,192,11,0
4990,63,10,1
4990,189,2,0
4990,52,13,0
4991,213,4,0
4991,287,1,1
4991,201,15,0
4991,448,1,0
4991,92,6,1
4991,43,1,0
4991,328,11,0
4991,300,18,0
4992,87,17,1
4992,258,7,1
4993,384,18,1
4993,111,19,0
4993,149,9,0
4993,441,18,1
4993,148,6,0
4993,399,12,0
4993,145,11,0
4993,224,5,0
4993,74,18,1
4994,357,8,1
4995,342,13,0
4995,82,5,0
4995,343,16,0
4995,115,4,0
4996,223,19,1
4996,246,17,0
4996,112,14,1
4996,35,9,0
4997,122,12,0
4997,312,2,0
4997,391,15,0
4997,336,4,1
4998,238,19,0
4998,239,8,1
4998,11,16,1
4998,361,4,1
4999,98,12,1
4999,206,11,0
4999,90,1,0
4999,223,6,1
4999,262,19,0
5000,227,11,0
5000,357,13,0
